POA_CODE_2016,P_Tot_55_64,P_Tot_65_74,P_Tot_75_84,P_Tot_85ov,P_Tot_Tot
POA2000,1265,816,295,104,19243
POA2006,12,6,3,0,330
POA2007,216,128,51,13,5719
POA2008,356,189,43,9,7874
POA2009,899,585,171,33,8945
POA2010,1831,981,409,133,21064
POA2011,1680,1059,468,319,16738
POA2015,526,217,69,13,6890
POA2016,901,508,299,80,9131
POA2017,975,666,372,74,15910
POA2018,849,506,277,78,8752
POA2019,645,310,183,120,5433
POA2020,654,266,148,36,8209
POA2021,1161,918,352,118,10719
POA2022,898,649,408,166,8220
POA2023,965,763,272,103,6552
POA2024,834,560,293,277,6891
POA2025,659,632,338,170,4996
POA2026,1772,1222,602,262,21909
POA2027,806,809,429,253,5669
POA2028,410,406,197,91,3182
POA2029,735,676,340,170,6079
POA2030,1424,903,413,214,7875
POA2031,2416,1447,704,474,22232
POA2032,870,526,267,115,9188
POA2033,600,447,239,113,6987
POA2034,1492,915,405,177,13231
POA2035,2413,1509,816,370,18920
POA2036,2184,1528,722,368,16018
POA2037,1279,873,288,116,10771
POA2038,810,469,142,37,6063
POA2039,780,471,102,28,5665
POA2040,1603,838,282,115,12811
POA2041,1639,1202,352,81,10217
POA2042,1157,482,182,46,13057
POA2043,471,174,50,10,5709
POA2044,470,172,77,27,4396
POA2045,605,274,117,60,3227
POA2046,2186,1295,588,322,14709
POA2047,1021,773,297,198,7387
POA2048,498,300,110,33,5108
POA2049,852,420,148,40,7077
POA2050,479,244,78,22,6412
POA2052,21,7,3,0,1192
POA2060,1272,1010,421,141,10219
POA2061,691,547,258,67,4480
POA2062,606,430,159,49,4546
POA2063,623,456,210,130,3607
POA2064,658,383,176,77,5852
POA2065,2322,1577,664,255,20733
POA2066,2553,1672,790,408,19084
POA2067,1690,1146,593,285,15278
POA2068,1475,886,384,212,9243
POA2069,1363,931,477,244,8249
POA2070,1303,860,499,213,7691
POA2071,1250,863,485,294,7730
POA2072,777,497,255,215,4664
POA2073,1531,1065,473,219,9207
POA2074,2046,1641,1167,801,12979
POA2075,1839,1472,944,370,11560
POA2076,2311,1593,1026,549,13951
POA2077,2715,1747,876,405,21601
POA2079,756,299,130,45,3852
POA2080,170,102,31,18,913
POA2081,496,288,100,25,2858
POA2082,458,354,112,31,2884
POA2083,204,148,56,12,907
POA2084,341,252,115,48,1918
POA2085,879,897,578,303,6135
POA2086,1006,758,389,111,6919
POA2087,937,664,534,197,6504
POA2088,2832,2278,1060,550,17816
POA2089,955,690,309,183,8456
POA2090,1304,1065,435,126,9383
POA2092,655,374,155,70,3864
POA2093,1806,1157,550,297,12866
POA2094,527,374,155,60,3671
POA2095,1238,933,425,247,10898
POA2096,1071,598,208,105,8884
POA2097,1267,830,442,264,8467
POA2099,2733,1729,942,383,21540
POA2100,1612,945,544,262,10871
POA2101,1647,1156,677,604,10910
POA2102,541,388,245,150,3968
POA2103,1020,768,481,246,5941
POA2104,374,435,266,203,2080
POA2105,287,201,75,18,1149
POA2106,1059,731,293,79,5300
POA2107,1772,1210,527,195,8166
POA2108,255,284,112,18,1074
POA2109,65,53,60,82,1808
POA2110,944,768,389,454,5733
POA2111,1190,805,359,160,8164
POA2112,2287,1364,694,424,18107
POA2113,1355,733,448,182,10497
POA2114,1695,936,426,134,14154
POA2115,674,398,182,96,5045
POA2116,434,218,107,41,3179
POA2117,1563,851,463,146,10841
POA2118,2017,1250,703,274,12918
POA2119,1282,894,531,278,6833
POA2120,1932,1286,653,210,11377
POA2121,2612,1443,789,326,16372
POA2122,2380,1447,782,494,17860
POA2123,0,0,0,0,0
POA2125,1951,1143,378,125,9198
POA2126,2043,1164,473,262,10564
POA2127,787,352,80,15,9116
POA2128,168,71,16,3,2969
POA2129,0,0,0,0,0
POA2130,518,280,105,73,4593
POA2131,1490,836,484,278,14160
POA2132,824,433,269,150,5612
POA2133,692,387,155,59,5290
POA2134,826,440,249,140,8864
POA2135,1669,990,566,305,14311
POA2136,530,287,126,64,3715
POA2137,2123,1361,592,237,14499
POA2138,1051,524,190,61,12173
POA2139,7,4,0,3,32
POA2140,653,286,144,38,9391
POA2141,1515,684,315,133,12666
POA2142,1016,532,229,74,12000
POA2143,488,221,126,53,3566
POA2144,1184,564,316,154,13982
POA2145,4122,2522,1255,559,38957
POA2146,1072,656,278,63,8415
POA2147,2502,1480,677,259,16909
POA2148,3323,1863,954,409,28248
POA2150,1133,584,240,111,19189
POA2151,1514,996,402,194,11466
POA2152,698,535,352,178,6095
POA2153,4287,3102,1329,499,29816
POA2154,3643,2449,1124,844,21548
POA2155,3422,1609,509,92,26926
POA2156,1320,935,470,156,6825
POA2157,337,226,74,25,1844
POA2158,780,584,256,103,4480
POA2159,496,354,180,101,2643
POA2160,1570,865,416,251,14449
POA2161,1258,625,342,192,11262
POA2162,883,483,299,147,6639
POA2163,467,261,164,127,3615
POA2164,1042,610,345,87,7155
POA2165,1707,1015,520,186,13388
POA2166,1679,1038,556,308,15026
POA2167,600,304,199,196,4818
POA2168,2034,930,509,103,14558
POA2170,5367,3153,1384,568,43709
POA2171,1508,580,164,30,14036
POA2172,226,95,29,3,1446
POA2173,811,294,87,15,6969
POA2174,78,31,12,3,1013
POA2175,116,66,28,6,722
POA2176,2835,1497,533,108,17291
POA2177,718,351,99,19,5119
POA2178,274,166,90,54,1893
POA2179,323,245,127,55,2682
POA2190,1038,607,358,187,9227
POA2191,326,214,110,38,2660
POA2192,578,319,206,65,5283
POA2193,1024,521,213,61,7794
POA2194,1047,462,258,105,10899
POA2195,905,448,225,126,10956
POA2196,1295,686,379,151,11935
POA2197,405,269,135,47,3236
POA2198,470,395,218,183,3719
POA2199,834,462,256,146,6586
POA2200,1833,1015,481,221,17103
POA2203,933,440,187,62,7992
POA2204,1434,726,380,199,14786
POA2205,733,361,178,94,10905
POA2206,1204,679,389,186,8983
POA2207,1756,1083,784,715,13549
POA2208,697,457,245,115,5513
POA2209,996,553,348,163,7169
POA2210,2101,1457,951,485,14263
POA2211,1175,647,435,280,7876
POA2212,1041,492,317,200,7061
POA2213,1591,811,435,171,10076
POA2214,258,265,46,13,1788
POA2216,1418,866,455,197,14824
POA2217,1516,952,533,221,14091
POA2218,1048,554,242,112,8387
POA2219,1094,733,391,179,6646
POA2220,1682,891,504,191,16652
POA2221,1266,842,393,194,8096
POA2222,858,471,223,92,6616
POA2223,1833,1019,430,236,11225
POA2224,1052,874,593,308,7106
POA2225,497,305,110,38,2780
POA2226,1116,639,262,158,6592
POA2227,1196,781,420,144,7644
POA2228,1337,839,645,394,9403
POA2229,2392,1499,936,543,14970
POA2230,2953,1813,786,345,16970
POA2231,148,101,41,4,1010
POA2232,2443,1836,937,497,17903
POA2233,2346,1632,718,303,14705
POA2234,3459,1459,415,191,15622
POA2250,5481,3688,2117,1225,33508
POA2251,3027,2247,1215,576,16595
POA2256,1352,1167,638,306,7587
POA2257,2421,2203,1106,575,14071
POA2258,493,252,101,26,2542
POA2259,3999,3149,1754,699,26046
POA2260,2293,1573,686,200,12440
POA2261,4101,3060,1658,885,24544
POA2262,1363,977,611,185,8520
POA2263,1807,1445,955,506,10682
POA2264,1236,1097,730,289,6994
POA2265,553,397,322,233,3232
POA2267,338,321,117,36,1483
POA2278,226,83,13,3,1105
POA2280,2347,1720,898,394,13065
POA2281,1327,1042,549,223,6809
POA2282,1443,1044,521,166,7642
POA2283,2278,1914,855,411,11511
POA2284,878,599,301,175,4864
POA2285,1877,1223,586,316,13747
POA2286,269,183,76,17,1664
POA2287,2411,1596,773,443,16878
POA2289,1423,974,589,249,9904
POA2290,2630,1791,1048,401,16406
POA2291,1337,742,382,196,7753
POA2292,173,101,35,14,1273
POA2293,256,124,52,23,1539
POA2294,150,92,33,11,1113
POA2295,785,541,283,145,3723
POA2296,146,69,18,7,1106
POA2297,129,54,24,6,894
POA2298,647,345,310,399,4988
POA2299,732,384,201,121,5288
POA2300,1121,673,277,82,6975
POA2302,52,35,17,10,381
POA2303,844,543,227,148,4989
POA2304,1135,615,366,297,7830
POA2305,1094,673,304,169,6544
POA2306,164,127,63,23,1033
POA2307,214,151,89,27,1704
POA2308,3,0,0,0,257
POA2311,87,54,25,10,388
POA2312,136,91,43,7,606
POA2314,3,0,0,0,168
POA2315,1432,1600,803,426,7886
POA2316,588,480,228,44,2996
POA2317,563,597,407,136,3182
POA2318,909,693,278,52,5890
POA2319,667,615,227,66,3111
POA2320,2297,1458,632,306,15548
POA2321,1085,645,272,54,6687
POA2322,1191,702,302,73,7507
POA2323,1947,1206,601,218,11875
POA2324,1970,1721,785,228,10515
POA2325,2043,1441,655,254,12541
POA2326,506,315,133,29,2865
POA2327,492,356,207,95,3099
POA2328,144,110,59,16,997
POA2329,160,115,75,29,911
POA2330,1383,735,343,108,9099
POA2331,0,0,0,0,120
POA2333,789,421,180,72,5581
POA2334,130,112,23,9,1106
POA2335,450,226,71,21,2844
POA2336,201,92,43,15,1086
POA2337,576,353,180,104,3651
POA2338,141,96,49,24,650
POA2339,57,38,13,3,295
POA2340,3752,2482,1235,446,22453
POA2341,115,87,52,17,575
POA2342,39,29,17,3,211
POA2343,386,271,152,40,2085
POA2344,62,52,17,4,354
POA2345,66,48,13,4,328
POA2346,253,200,118,41,1300
POA2347,163,136,79,25,796
POA2350,2254,1488,767,268,13057
POA2351,0,0,0,0,355
POA2352,211,156,73,11,1207
POA2353,102,74,42,35,506
POA2354,317,293,104,55,1677
POA2355,78,48,30,5,315
POA2356,7,14,7,0,51
POA2357,405,282,146,58,1861
POA2358,388,302,105,35,1811
POA2359,77,50,19,7,320
POA2360,1057,810,424,140,6148
POA2361,93,56,33,13,374
POA2365,293,260,71,22,1558
POA2369,56,50,19,7,308
POA2370,637,533,249,113,3494
POA2371,128,109,57,12,522
POA2372,503,423,170,81,2226
POA2379,29,14,6,3,151
POA2380,726,448,271,99,4441
POA2381,91,42,23,8,440
POA2382,70,57,35,6,542
POA2386,21,14,3,0,132
POA2387,15,10,3,0,85
POA2388,172,111,45,33,1039
POA2390,667,366,211,78,3772
POA2395,57,59,13,7,249
POA2396,57,53,27,9,313
POA2397,26,9,10,0,127
POA2398,25,3,7,0,95
POA2399,46,24,6,3,254
POA2400,663,442,251,65,4357
POA2401,20,16,7,0,130
POA2402,116,111,45,22,683
POA2403,52,46,24,4,284
POA2404,141,141,77,36,785
POA2405,34,20,3,0,199
POA2406,46,29,3,3,311
POA2408,14,8,3,0,150
POA2409,51,23,3,0,338
POA2410,27,18,6,0,115
POA2411,9,4,0,0,56
POA2415,21,28,5,0,185
POA2420,385,296,161,60,1916
POA2421,180,104,33,10,912
POA2422,490,482,226,69,2401
POA2423,361,243,100,31,1373
POA2424,53,30,12,0,185
POA2425,137,103,46,15,771
POA2426,88,48,17,0,320
POA2427,347,410,171,53,1490
POA2428,2279,2378,1419,643,11672
POA2429,1039,711,302,95,4445
POA2430,3219,2639,1313,592,15692
POA2431,542,529,287,65,2443
POA2439,322,318,112,19,1527
POA2440,2051,1318,646,336,9960
POA2441,580,306,104,20,2152
POA2443,949,939,644,292,4418
POA2444,4097,3639,2139,1018,23188
POA2445,645,612,270,54,3264
POA2446,1231,887,399,135,6189
POA2447,736,575,227,116,3387
POA2448,972,830,475,224,4365
POA2449,244,118,60,3,944
POA2450,4193,2877,1473,743,21767
POA2452,1304,931,485,245,7036
POA2453,323,225,105,41,1283
POA2454,983,570,230,70,4043
POA2455,352,277,170,37,1508
POA2456,1523,987,439,139,7096
POA2460,2660,1724,880,373,13067
POA2462,272,197,65,18,1092
POA2463,804,686,328,103,3676
POA2464,767,660,345,151,3449
POA2465,31,27,13,0,154
POA2466,206,218,116,27,813
POA2469,538,319,111,28,1826
POA2470,1042,776,411,148,5926
POA2471,208,149,52,17,1072
POA2472,193,111,58,8,858
POA2473,325,241,130,43,1462
POA2474,744,435,174,69,2877
POA2475,39,27,18,4,174
POA2476,72,53,24,4,309
POA2477,1323,930,470,187,6188
POA2478,2972,2192,1149,654,14824
POA2479,595,330,121,58,2676
POA2480,4747,2732,1078,498,22459
POA2481,1507,846,265,110,7248
POA2482,839,493,125,74,3465
POA2483,1329,720,262,109,5789
POA2484,2156,1301,584,280,9323
POA2485,1236,1143,806,472,7092
POA2486,2527,2160,1458,601,14485
POA2487,1276,904,441,224,6853
POA2488,351,131,70,16,1604
POA2489,608,540,244,139,3522
POA2490,82,30,14,4,337
POA2500,2846,2035,1167,443,22455
POA2502,682,390,297,82,4658
POA2505,389,187,93,68,2210
POA2506,526,226,173,63,2996
POA2508,818,403,166,56,4765
POA2515,1322,760,280,107,6407
POA2516,547,296,110,34,3155
POA2517,1124,717,369,169,6886
POA2518,1454,865,499,242,9126
POA2519,1345,954,547,181,8674
POA2522,0,0,0,0,92
POA2525,928,722,317,99,5839
POA2526,1362,747,376,293,7813
POA2527,1529,830,428,305,9682
POA2528,1692,1336,707,242,10077
POA2529,1951,1121,502,143,12059
POA2530,2130,1469,804,292,14028
POA2533,1877,1397,684,257,8853
POA2534,697,487,207,121,3270
POA2535,905,823,480,185,4149
POA2536,1791,1838,889,345,8755
POA2537,1531,1210,625,180,6305
POA2538,296,252,111,117,1347
POA2539,1978,1731,909,264,8935
POA2540,4330,3707,1739,586,22491
POA2541,2027,1573,921,473,12030
POA2545,148,99,35,9,540
POA2546,1280,1114,485,214,4900
POA2548,880,814,446,181,4111
POA2549,435,318,149,71,1934
POA2550,1981,1179,476,147,7908
POA2551,364,288,162,93,1589
POA2555,9,8,0,0,55
POA2556,159,121,33,9,1064
POA2557,418,261,80,17,3934
POA2558,782,285,86,23,4572
POA2559,103,65,14,3,950
POA2560,4797,3248,1160,368,32162
POA2563,24,6,4,3,120
POA2564,791,468,188,48,5616
POA2565,1426,700,216,87,9277
POA2566,1729,780,216,66,10903
POA2567,1966,959,319,58,16253
POA2568,89,86,68,44,609
POA2569,145,72,22,5,665
POA2570,2785,1709,747,471,19268
POA2571,916,441,167,34,5664
POA2572,347,243,140,114,2144
POA2573,346,241,125,29,2239
POA2574,431,257,144,35,2527
POA2575,1370,1109,569,184,7660
POA2576,1363,1661,1018,348,7554
POA2577,1550,1391,553,155,7987
POA2578,324,414,182,84,1589
POA2579,399,376,171,37,2041
POA2580,2433,1782,850,425,14122
POA2581,198,142,51,12,1083
POA2582,1124,682,321,167,6164
POA2583,412,320,176,59,2017
POA2584,42,38,14,4,244
POA2585,26,15,8,0,100
POA2586,249,202,80,31,1199
POA2587,222,177,108,52,1222
POA2588,33,14,7,0,110
POA2590,602,477,310,92,3095
POA2594,774,671,286,99,4782
POA2619,675,246,80,21,4661
POA2620,3116,1707,653,207,20067
POA2621,594,318,98,22,3262
POA2622,497,410,138,42,2188
POA2623,46,22,10,3,295
POA2625,45,17,3,3,263
POA2626,63,25,8,0,265
POA2627,414,229,76,16,2635
POA2628,228,141,46,10,981
POA2629,66,58,41,7,299
POA2630,779,620,366,141,4451
POA2631,60,55,21,4,273
POA2632,160,106,36,26,766
POA2633,47,25,7,8,160
POA2640,2951,1853,956,395,18135
POA2641,1126,738,422,126,6620
POA2642,482,221,94,26,2216
POA2643,239,190,99,43,1192
POA2644,221,166,78,37,1089
POA2645,29,18,19,13,172
POA2646,550,438,256,115,2998
POA2647,147,208,119,30,990
POA2648,206,167,80,45,1075
POA2649,5,8,0,0,14
POA2650,4267,2514,1244,504,26614
POA2651,92,49,18,0,980
POA2652,364,237,71,28,1980
POA2653,209,180,57,28,1174
POA2655,130,70,54,19,613
POA2656,114,73,47,19,552
POA2658,100,91,41,15,551
POA2659,81,49,22,7,354
POA2660,129,100,45,24,684
POA2661,3,3,0,0,336
POA2663,394,242,101,28,2676
POA2665,158,127,55,21,892
POA2666,432,313,170,49,2285
POA2668,42,31,8,0,178
POA2669,127,70,55,6,639
POA2671,301,181,131,98,1789
POA2672,84,79,33,17,549
POA2675,98,31,31,12,639
POA2678,3,0,0,0,84
POA2680,1463,811,489,292,9915
POA2681,123,72,23,12,705
POA2700,371,302,161,80,2104
POA2701,191,151,72,38,1095
POA2702,50,44,27,3,294
POA2703,56,24,16,10,292
POA2705,704,474,260,93,4247
POA2706,57,55,28,3,433
POA2707,83,44,35,5,536
POA2710,863,582,307,120,4485
POA2711,239,147,97,26,1365
POA2712,116,97,46,37,635
POA2713,251,145,85,33,1203
POA2714,235,252,134,46,1224
POA2715,102,53,31,15,525
POA2716,98,57,24,9,476
POA2717,96,61,21,11,532
POA2720,649,429,262,137,3590
POA2721,26,12,6,3,99
POA2722,237,160,81,29,1295
POA2725,27,29,14,4,157
POA2726,23,15,3,0,90
POA2727,31,14,5,3,165
POA2729,132,99,51,7,687
POA2730,135,94,45,27,613
POA2731,450,402,236,73,2812
POA2732,170,117,76,43,775
POA2733,48,29,11,6,220
POA2734,55,34,6,0,203
POA2735,43,14,5,0,158
POA2736,26,18,22,4,164
POA2737,59,26,11,4,300
POA2738,103,75,32,4,749
POA2739,112,74,29,5,640
POA2745,1804,823,297,60,12966
POA2747,2269,1328,461,180,18074
POA2748,132,95,30,8,840
POA2749,1078,424,162,40,7178
POA2750,2878,2132,926,348,20412
POA2752,367,153,60,6,2139
POA2753,1220,778,399,170,7995
POA2754,437,314,167,40,2602
POA2755,7,0,0,0,170
POA2756,2275,1240,465,119,15267
POA2757,79,57,19,3,420
POA2758,939,555,174,65,4672
POA2759,2010,734,157,39,11055
POA2760,1587,955,508,176,13540
POA2761,1762,608,176,96,12920
POA2762,234,104,38,10,2358
POA2763,1883,928,208,58,14625
POA2765,1027,670,264,75,7712
POA2766,991,450,167,90,6651
POA2767,1538,743,205,58,10086
POA2768,1755,815,230,37,14540
POA2769,471,193,48,9,5861
POA2770,2754,1736,750,146,21144
POA2773,704,460,183,53,3421
POA2774,1339,907,335,70,7019
POA2775,174,183,57,3,894
POA2776,448,247,113,21,2129
POA2777,1867,1246,554,305,9514
POA2778,336,168,61,17,1393
POA2779,504,329,111,23,2638
POA2780,1745,1348,557,184,7809
POA2782,771,703,326,113,3536
POA2783,336,171,63,22,1419
POA2784,139,101,27,3,697
POA2785,594,525,201,42,2678
POA2786,151,122,55,18,750
POA2787,327,343,126,32,2052
POA2790,1296,1034,513,184,7483
POA2791,41,24,21,0,167
POA2792,36,26,18,4,196
POA2793,102,93,28,0,431
POA2794,810,614,342,136,4383
POA2795,3437,2350,1039,442,21003
POA2797,37,24,8,3,188
POA2798,207,131,42,6,1044
POA2799,310,213,101,41,1796
POA2800,3254,2263,1120,396,21330
POA2803,49,23,12,0,143
POA2804,194,155,75,20,1127
POA2805,33,23,9,0,152
POA2806,71,57,34,7,345
POA2807,44,29,18,0,171
POA2808,18,26,3,0,90
POA2809,34,18,7,0,122
POA2810,252,245,104,46,1339
POA2817,29,6,7,0,121
POA2818,89,57,16,9,441
POA2820,564,442,233,84,3512
POA2821,354,235,123,36,1960
POA2822,46,22,14,4,199
POA2823,87,79,42,24,571
POA2824,146,104,58,23,862
POA2825,119,93,58,21,937
POA2826,18,5,8,0,84
POA2827,260,181,116,49,1499
POA2828,43,47,23,10,322
POA2829,205,153,67,23,1289
POA2830,2890,1632,859,341,18465
POA2831,160,82,31,5,834
POA2832,199,91,33,8,958
POA2833,31,26,11,0,201
POA2834,194,216,110,18,1032
POA2835,269,115,69,19,1823
POA2836,53,40,7,0,354
POA2838,15,8,0,0,83
POA2839,71,20,8,8,484
POA2840,169,98,50,18,1185
POA2842,43,48,18,0,249
POA2843,94,95,46,11,584
POA2844,111,101,82,26,630
POA2845,146,124,26,12,851
POA2846,38,31,5,3,149
POA2847,223,168,78,19,1083
POA2848,135,112,64,19,651
POA2849,159,163,63,13,754
POA2850,1396,1035,460,134,8385
POA2852,276,214,95,25,1543
POA2864,60,54,19,3,364
POA2865,61,57,21,6,367
POA2866,231,166,83,36,1353
POA2867,60,46,14,0,256
POA2868,49,39,11,7,237
POA2869,135,101,40,17,608
POA2870,810,560,315,137,5242
POA2871,676,491,289,82,3961
POA2873,32,38,20,7,244
POA2874,42,35,10,8,199
POA2875,92,52,28,12,404
POA2876,46,19,7,3,181
POA2877,239,124,88,43,1450
POA2878,32,17,4,0,184
POA2879,55,34,15,0,242
POA2880,1423,926,495,310,7805
POA2898,44,19,12,4,223
POA3000,961,515,136,44,24817
POA3002,526,424,146,82,3793
POA3003,197,126,33,3,4027
POA3004,727,641,249,186,6947
POA3005,23,21,5,0,387
POA3006,877,525,146,34,13781
POA3008,580,310,64,8,7442
POA3010,21,3,0,0,430
POA3011,1002,443,228,116,12638
POA3012,1161,496,259,181,13859
POA3013,834,307,176,120,8245
POA3015,1156,453,207,133,9351
POA3016,1594,876,309,146,8459
POA3018,929,626,351,165,6605
POA3019,355,191,82,31,3647
POA3020,1843,1153,624,293,17659
POA3021,2396,1710,754,215,20170
POA3022,126,83,50,37,1318
POA3023,2595,1375,456,124,27089
POA3024,947,469,158,33,10217
POA3025,435,312,336,161,5002
POA3026,9,8,0,0,34
POA3027,209,68,11,0,3579
POA3028,1730,848,347,127,13160
POA3029,3892,1954,642,158,42554
POA3030,4637,2360,952,393,45865
POA3031,1027,519,206,66,11145
POA3032,1831,817,272,100,16685
POA3033,797,750,490,143,6638
POA3034,646,550,364,125,5147
POA3036,491,370,142,68,2820
POA3037,2245,963,362,195,21118
POA3038,2089,944,279,90,11710
POA3039,1107,576,210,115,7969
POA3040,2171,1026,477,276,14247
POA3041,1053,521,274,161,6491
POA3042,917,641,355,148,7458
POA3043,1036,856,376,97,7804
POA3044,1495,664,418,315,13518
POA3045,10,3,3,0,89
POA3046,1436,839,740,384,15899
POA3047,711,423,288,77,7448
POA3048,611,331,208,33,5565
POA3049,639,329,135,38,4017
POA3050,3,11,3,0,81
POA3051,668,399,189,49,9617
POA3052,299,247,201,250,3973
POA3053,551,397,200,84,10896
POA3054,646,576,174,61,5777
POA3055,813,404,180,102,8439
POA3056,1284,590,234,83,15564
POA3057,535,272,110,36,7671
POA3058,1853,827,399,249,17732
POA3059,974,380,99,19,6556
POA3060,501,268,299,183,5569
POA3061,145,149,52,14,1544
POA3062,0,0,0,0,0
POA3063,36,28,11,4,267
POA3064,2525,979,321,95,28979
POA3065,670,376,177,63,6944
POA3066,437,193,91,47,5635
POA3067,434,262,75,43,5807
POA3068,1540,1009,344,86,12345
POA3070,1674,748,344,174,14750
POA3071,995,441,231,133,10673
POA3072,1689,798,452,222,17239
POA3073,2306,1394,964,609,23951
POA3074,842,568,294,73,7379
POA3075,834,586,317,91,8318
POA3076,1359,679,258,109,13462
POA3078,974,454,171,75,6920
POA3079,1615,992,398,197,9338
POA3081,801,455,212,123,6715
POA3082,2088,857,333,108,13229
POA3083,1663,1182,666,291,15413
POA3084,2162,1545,864,427,14166
POA3085,969,594,355,268,7362
POA3086,0,0,0,0,306
POA3087,589,373,255,62,4421
POA3088,2258,1449,610,207,13738
POA3089,966,476,162,42,5860
POA3090,176,112,30,5,1110
POA3091,152,107,34,11,808
POA3093,348,278,135,57,2107
POA3094,826,604,208,55,4900
POA3095,2999,1726,537,154,14774
POA3096,172,117,44,17,971
POA3097,150,127,28,7,801
POA3099,579,293,97,27,2600
POA3101,2412,1657,801,423,14767
POA3102,544,383,165,75,3650
POA3103,1479,1021,577,341,8558
POA3104,1858,1125,587,343,10692
POA3105,718,553,422,126,5366
POA3106,1632,1194,546,230,8743
POA3107,926,906,630,252,7150
POA3108,1444,1135,914,355,11121
POA3109,2156,1567,947,381,14450
POA3111,1059,770,433,250,6427
POA3113,949,516,183,31,4605
POA3114,399,224,94,19,1970
POA3115,402,203,78,14,1881
POA3116,757,556,196,59,4703
POA3121,1623,1064,368,100,20061
POA3122,1552,1130,509,224,15333
POA3123,1115,736,348,186,9010
POA3124,2053,1487,810,545,12946
POA3125,806,542,389,256,7977
POA3126,912,621,289,155,4617
POA3127,1946,1157,501,246,10732
POA3128,1315,719,493,287,11094
POA3129,1322,804,451,199,9241
POA3130,2390,1607,1150,625,17300
POA3131,1390,963,699,428,11791
POA3132,1057,722,409,121,8673
POA3133,1737,1445,701,197,11217
POA3134,2428,1547,782,326,16665
POA3135,1407,1055,587,220,10421
POA3136,3154,2198,1225,502,21957
POA3137,932,644,329,200,6555
POA3138,1473,934,427,148,10309
POA3139,1080,658,199,68,6375
POA3140,1099,781,375,129,7710
POA3141,1475,1201,588,164,18191
POA3142,1352,1288,654,279,8391
POA3143,707,582,294,128,5874
POA3144,977,812,498,213,6614
POA3145,1857,1150,527,255,13393
POA3146,2257,1376,638,253,14814
POA3147,1195,670,308,229,7923
POA3148,474,272,160,48,4815
POA3149,2590,1682,1282,505,18140
POA3150,4778,3653,2243,912,31558
POA3151,663,539,397,88,5250
POA3152,2981,1665,852,583,16829
POA3153,1225,883,502,318,10191
POA3154,332,187,102,91,2198
POA3155,1560,1120,568,191,11087
POA3156,2796,1639,737,253,18167
POA3158,652,345,78,22,3512
POA3159,300,139,38,12,1439
POA3160,930,455,154,33,4747
POA3161,1383,991,442,328,9339
POA3162,1566,1182,509,300,10075
POA3163,2170,1177,620,284,19444
POA3165,1973,1059,596,320,13868
POA3166,1318,617,402,294,12580
POA3167,632,365,195,72,4580
POA3168,615,350,285,210,11019
POA3169,954,650,337,99,9184
POA3170,1230,882,494,210,9623
POA3171,753,503,361,201,8339
POA3172,1251,971,464,205,9179
POA3173,1158,783,297,93,10264
POA3174,1767,1222,676,240,16066
POA3175,2499,1640,957,374,21596
POA3177,477,343,225,73,4221
POA3178,2616,1162,576,157,16009
POA3179,456,259,90,10,2884
POA3180,528,388,203,44,3652
POA3181,1124,671,433,254,13934
POA3182,1716,949,357,123,16867
POA3183,1112,665,260,115,11581
POA3184,1204,548,189,57,10503
POA3185,1045,641,270,119,7614
POA3186,2523,1826,917,473,13484
POA3187,1534,973,601,486,8743
POA3188,1648,1028,433,188,9762
POA3189,396,266,149,59,3089
POA3190,733,411,226,127,5567
POA3191,1028,724,328,258,5878
POA3192,1496,959,619,396,11428
POA3193,2154,1493,725,396,10823
POA3194,1007,699,417,208,7079
POA3195,2759,1428,814,368,18283
POA3196,1770,1203,713,403,13293
POA3197,990,621,303,108,5850
POA3198,1205,821,447,153,8341
POA3199,4267,2999,1599,724,27154
POA3200,325,214,166,67,2416
POA3201,1177,636,330,229,9178
POA3202,162,102,51,51,1383
POA3204,2464,1230,544,277,16491
POA3205,785,529,241,109,7212
POA3206,978,766,265,103,6216
POA3207,1403,880,319,101,10193
POA3211,114,50,9,3,633
POA3212,1072,618,249,81,7958
POA3213,316,163,64,7,1802
POA3214,1233,854,458,138,8675
POA3215,1373,959,612,413,9722
POA3216,4094,2917,1655,889,28625
POA3217,351,204,79,41,3482
POA3218,981,527,250,88,7160
POA3219,1401,894,547,228,9130
POA3220,1605,944,436,228,9197
POA3221,83,58,25,0,429
POA3222,1397,1056,611,207,7386
POA3223,900,909,379,173,3870
POA3224,994,901,429,135,6731
POA3225,520,618,325,129,2450
POA3226,1395,1049,357,157,7421
POA3227,584,424,152,28,2682
POA3228,1519,1100,402,129,9523
POA3230,307,305,116,47,1519
POA3231,213,136,75,12,793
POA3232,146,123,61,27,647
POA3233,254,224,72,26,1128
POA3234,36,10,3,0,101
POA3235,68,23,4,0,218
POA3236,44,19,3,0,136
POA3237,28,26,7,0,129
POA3238,26,25,10,0,128
POA3239,46,34,16,4,217
POA3240,202,93,34,7,1014
POA3241,228,168,69,35,1214
POA3242,74,74,23,3,424
POA3243,42,25,4,3,171
POA3249,330,207,62,27,1462
POA3250,855,571,342,162,5069
POA3251,35,32,19,0,217
POA3254,25,11,0,0,114
POA3260,348,322,163,52,2053
POA3264,181,120,86,36,984
POA3265,217,79,29,8,1105
POA3266,173,123,82,29,1177
POA3267,21,6,0,0,88
POA3268,203,101,49,19,1082
POA3269,70,34,6,0,347
POA3270,29,26,10,7,131
POA3271,26,7,0,0,84
POA3272,116,88,49,23,649
POA3273,19,14,4,0,72
POA3274,25,11,4,4,121
POA3275,24,7,3,0,189
POA3276,43,14,9,3,212
POA3277,132,75,27,12,859
POA3278,20,15,0,3,132
POA3279,16,16,3,0,131
POA3280,2327,1564,858,398,14648
POA3281,135,82,16,8,803
POA3282,197,121,52,8,1119
POA3283,130,65,13,4,620
POA3284,365,301,131,73,1772
POA3285,128,80,20,9,603
POA3286,37,36,12,8,226
POA3287,24,11,10,0,175
POA3289,82,51,12,12,347
POA3292,23,32,6,3,91
POA3293,42,13,15,0,140
POA3294,102,60,15,15,492
POA3300,816,604,318,171,4549
POA3301,115,73,22,7,573
POA3302,24,17,4,3,158
POA3303,20,13,12,3,143
POA3304,209,157,41,20,1110
POA3305,1130,717,331,132,5707
POA3309,13,12,0,0,48
POA3310,27,17,10,4,123
POA3311,109,119,76,41,697
POA3312,92,64,29,5,440
POA3314,60,38,7,0,263
POA3315,158,90,51,30,737
POA3317,19,15,3,0,81
POA3318,98,98,42,33,574
POA3319,33,11,4,3,128
POA3321,120,70,27,7,770
POA3322,13,11,11,0,77
POA3323,10,6,0,0,37
POA3324,53,36,18,6,238
POA3325,45,28,25,8,187
POA3328,137,82,19,9,833
POA3329,21,21,3,0,138
POA3330,6,13,3,0,80
POA3331,369,246,82,20,2732
POA3332,85,29,12,3,431
POA3333,76,56,13,3,387
POA3334,59,41,11,0,266
POA3335,210,95,30,4,2774
POA3337,2012,1171,364,83,14682
POA3338,1153,702,256,93,9648
POA3340,1422,977,360,150,9329
POA3341,144,97,13,5,806
POA3342,276,195,86,40,1634
POA3345,105,70,14,9,576
POA3350,4503,2934,1465,579,29373
POA3351,722,422,128,39,3717
POA3352,1415,915,243,57,7607
POA3355,777,670,499,193,5480
POA3356,805,714,382,154,6822
POA3357,386,249,102,25,1912
POA3360,83,83,26,7,374
POA3361,61,47,17,18,280
POA3363,323,254,149,70,1761
POA3364,239,184,56,18,1103
POA3370,205,133,67,13,843
POA3371,136,61,25,7,465
POA3373,198,174,78,42,984
POA3374,49,43,9,0,200
POA3375,20,10,5,0,99
POA3377,785,572,278,94,4436
POA3378,6,12,6,0,78
POA3379,100,64,33,9,381
POA3380,452,378,195,82,2561
POA3381,148,106,36,7,665
POA3384,74,48,20,3,273
POA3385,65,36,8,3,239
POA3387,25,19,3,4,130
POA3388,43,32,22,10,237
POA3390,79,54,18,13,370
POA3391,14,8,3,0,63
POA3392,64,44,21,15,252
POA3393,224,154,94,75,1181
POA3395,30,19,8,4,143
POA3396,70,41,27,29,327
POA3400,1040,658,370,193,6353
POA3401,394,239,69,24,1996
POA3407,40,24,9,4,186
POA3409,91,38,30,35,412
POA3412,15,16,9,3,116
POA3413,16,8,3,0,78
POA3414,184,94,54,36,781
POA3415,9,0,0,0,19
POA3418,200,114,76,34,1104
POA3419,50,39,23,6,320
POA3420,22,5,3,0,105
POA3423,41,13,11,3,166
POA3424,60,54,15,10,297
POA3427,215,118,42,9,1338
POA3428,57,55,16,4,330
POA3429,2656,1460,634,243,16749
POA3430,19,19,5,0,140
POA3431,392,228,68,14,1998
POA3432,18,13,7,0,92
POA3433,9,10,3,0,109
POA3434,418,274,85,27,2382
POA3435,322,172,61,27,1442
POA3437,838,602,239,99,5241
POA3438,158,139,39,19,1172
POA3440,253,155,56,8,1123
POA3441,160,138,38,8,770
POA3442,776,570,202,76,4073
POA3444,850,709,297,110,4674
POA3446,132,85,28,7,585
POA3447,64,36,8,3,246
POA3448,130,80,16,9,477
POA3450,747,632,392,194,3774
POA3451,619,424,158,28,3331
POA3453,212,141,54,10,892
POA3458,260,236,78,40,1144
POA3460,323,222,102,45,1388
POA3461,591,386,101,27,2289
POA3462,151,115,36,11,623
POA3463,371,278,103,37,1384
POA3464,109,61,18,9,466
POA3465,681,736,363,144,4067
POA3467,117,91,43,18,489
POA3468,31,28,11,3,131
POA3469,38,41,15,6,153
POA3472,134,142,60,10,637
POA3475,33,36,4,6,133
POA3477,101,82,15,3,392
POA3478,186,172,96,35,955
POA3480,162,121,71,48,820
POA3482,4,19,5,0,63
POA3483,61,56,28,14,395
POA3485,28,19,14,0,127
POA3487,3,4,3,0,44
POA3488,4,6,3,0,42
POA3489,10,4,0,0,32
POA3490,121,81,41,18,544
POA3491,13,4,3,0,49
POA3494,50,17,5,3,251
POA3496,486,301,131,68,2581
POA3498,392,211,101,27,2241
POA3500,2050,1466,812,364,13947
POA3501,145,68,25,4,840
POA3505,364,209,93,36,1985
POA3506,0,0,0,0,11
POA3507,13,9,0,3,69
POA3509,9,5,8,3,78
POA3512,36,7,6,3,123
POA3515,141,98,18,3,918
POA3516,58,39,17,11,293
POA3517,134,86,54,14,616
POA3518,132,106,49,13,568
POA3520,20,13,7,3,70
POA3521,62,26,11,0,289
POA3522,41,29,3,3,162
POA3523,392,341,192,40,1730
POA3525,148,68,48,35,578
POA3527,77,30,24,17,310
POA3529,10,0,0,0,44
POA3530,20,5,4,0,58
POA3531,18,6,8,6,87
POA3533,68,42,23,19,323
POA3537,94,67,26,31,433
POA3540,28,33,12,0,119
POA3542,15,3,7,3,46
POA3544,30,11,7,3,112
POA3546,31,24,17,4,173
POA3549,234,127,58,33,1273
POA3550,3149,2198,1247,704,19873
POA3551,2341,1323,422,95,13834
POA3555,1317,1031,633,336,8930
POA3556,912,655,293,92,5621
POA3557,68,42,8,5,359
POA3558,69,55,38,14,387
POA3559,32,35,25,0,235
POA3561,322,224,145,73,1815
POA3562,34,15,4,0,132
POA3563,60,26,23,6,333
POA3564,1209,880,516,220,7198
POA3565,11,3,0,0,47
POA3566,42,35,8,7,196
POA3567,43,35,19,8,224
POA3568,205,169,104,25,1168
POA3570,76,41,8,3,326
POA3571,26,14,17,0,143
POA3572,22,6,0,0,67
POA3573,40,17,4,3,141
POA3575,64,31,24,9,330
POA3576,12,7,0,0,36
POA3579,444,322,179,62,2309
POA3580,81,75,32,3,383
POA3581,16,4,3,0,71
POA3583,11,8,3,0,84
POA3584,107,66,23,11,528
POA3585,698,495,282,135,4824
POA3586,89,29,3,0,375
POA3588,21,13,9,0,133
POA3589,26,22,7,0,145
POA3590,26,23,3,0,158
POA3591,13,3,0,0,71
POA3594,48,31,20,3,224
POA3595,64,48,16,18,316
POA3596,7,3,4,0,39
POA3597,35,19,12,3,184
POA3599,9,7,7,4,56
POA3607,20,3,4,0,69
POA3608,230,176,80,37,1099
POA3610,139,103,53,24,915
POA3612,179,136,62,14,744
POA3614,76,51,6,3,411
POA3616,395,253,131,46,2326
POA3617,13,6,0,0,74
POA3618,43,30,4,0,265
POA3620,600,459,262,128,3645
POA3621,147,105,49,31,936
POA3622,50,34,10,0,207
POA3623,88,51,31,9,385
POA3624,38,27,11,5,205
POA3629,642,462,216,59,3761
POA3630,1822,1233,695,339,12944
POA3631,812,467,174,79,4948
POA3633,51,36,6,0,260
POA3634,146,79,30,6,794
POA3635,50,35,0,0,238
POA3636,408,308,171,57,2193
POA3637,40,19,13,0,217
POA3638,157,102,78,33,874
POA3639,61,35,16,4,231
POA3640,68,36,8,0,387
POA3641,97,58,21,4,485
POA3644,599,532,308,96,3766
POA3646,52,35,14,0,253
POA3647,0,0,0,0,18
POA3649,34,15,6,3,191
POA3658,505,292,98,38,2746
POA3659,90,55,21,0,378
POA3660,645,468,230,129,3481
POA3662,9,0,0,0,465
POA3663,27,11,3,0,90
POA3664,118,76,38,8,544
POA3665,48,26,12,0,180
POA3666,474,424,200,98,2241
POA3669,165,142,66,26,683
POA3670,92,46,16,0,300
POA3672,860,746,419,193,4745
POA3673,242,155,37,13,930
POA3675,222,144,31,6,953
POA3677,1326,939,630,426,8343
POA3678,704,482,146,33,3222
POA3682,74,21,9,4,276
POA3683,193,119,52,11,867
POA3685,277,182,91,46,1299
POA3687,73,81,25,4,461
POA3688,140,60,16,8,609
POA3690,2376,1530,643,223,15377
POA3691,850,480,147,74,4812
POA3694,0,0,0,0,56
POA3695,54,34,10,0,226
POA3697,85,45,12,9,312
POA3698,114,121,49,8,541
POA3699,100,85,42,11,588
POA3700,118,96,46,11,632
POA3701,112,91,28,8,500
POA3704,0,4,0,0,17
POA3705,19,14,3,3,114
POA3707,164,125,73,31,837
POA3708,12,0,3,0,31
POA3709,48,30,4,3,138
POA3711,75,50,24,3,272
POA3712,42,43,9,5,181
POA3713,106,114,46,23,537
POA3714,338,314,149,60,1707
POA3715,50,49,11,0,176
POA3717,306,265,113,29,1324
POA3718,8,10,0,4,46
POA3719,51,43,9,0,180
POA3720,66,54,20,4,288
POA3722,479,369,164,69,2516
POA3723,332,301,92,17,1580
POA3725,79,54,21,5,323
POA3726,52,32,7,0,183
POA3727,28,28,8,0,141
POA3728,47,37,21,3,250
POA3730,741,649,395,178,4114
POA3732,60,29,13,4,271
POA3733,30,13,8,0,108
POA3735,60,38,12,5,293
POA3737,431,248,150,79,1960
POA3738,32,16,0,0,105
POA3739,30,18,3,0,103
POA3740,120,81,31,3,555
POA3741,321,287,118,59,1676
POA3744,47,33,11,0,231
POA3746,44,39,7,5,205
POA3747,603,446,193,76,2768
POA3749,218,166,65,31,1044
POA3750,242,114,37,9,4215
POA3751,23,18,6,3,110
POA3752,1017,473,222,55,10240
POA3753,119,53,16,0,986
POA3754,1397,833,205,44,16984
POA3755,26,24,5,3,138
POA3756,713,365,121,23,5244
POA3757,708,454,172,61,4249
POA3758,179,106,26,0,1025
POA3759,135,64,23,3,604
POA3760,50,24,3,0,212
POA3761,147,72,27,5,690
POA3762,17,6,5,8,77
POA3763,163,83,15,4,822
POA3764,618,478,243,66,4176
POA3765,570,372,192,126,3371
POA3766,150,89,32,3,720
POA3767,135,139,39,18,714
POA3770,271,166,68,13,1523
POA3775,314,245,104,20,1956
POA3777,977,694,301,101,5213
POA3778,21,16,3,0,87
POA3779,54,65,16,3,222
POA3781,344,136,51,15,2130
POA3782,800,507,133,61,3939
POA3783,226,101,33,8,1124
POA3785,12,7,3,0,50
POA3786,202,129,42,10,902
POA3787,129,87,20,5,604
POA3788,225,155,43,6,1010
POA3789,44,30,11,4,162
POA3791,196,128,31,3,831
POA3792,136,85,22,5,587
POA3793,302,221,57,24,1700
POA3795,71,82,11,10,553
POA3796,738,445,160,38,4717
POA3797,285,230,70,26,1573
POA3799,543,377,136,37,2744
POA3800,3,0,0,0,671
POA3802,1920,988,335,136,11044
POA3803,650,361,186,61,4432
POA3804,733,328,129,91,3770
POA3805,2993,1354,549,134,23727
POA3806,2889,1646,970,381,22374
POA3807,497,235,83,19,3238
POA3808,318,182,81,29,1580
POA3809,303,151,36,4,3469
POA3810,2080,1431,696,263,20639
POA3812,219,111,40,15,1103
POA3813,79,38,12,0,425
POA3814,172,117,36,8,1013
POA3815,205,156,63,25,1387
POA3816,186,129,50,3,1160
POA3818,1034,839,405,135,6489
POA3820,1251,1037,493,167,7664
POA3821,307,188,61,10,1434
POA3822,83,43,14,3,429
POA3823,207,132,43,9,914
POA3824,431,294,137,59,2393
POA3825,1695,1172,613,243,9171
POA3831,187,139,62,20,847
POA3832,32,33,3,0,122
POA3833,37,42,12,4,167
POA3835,33,32,7,0,181
POA3840,1294,879,471,159,7274
POA3842,392,279,96,24,2229
POA3844,2151,1337,727,300,13771
POA3847,196,120,45,9,1034
POA3850,1101,730,389,179,6894
POA3851,544,384,152,21,3146
POA3852,4,0,0,0,66
POA3854,122,45,17,9,637
POA3856,82,46,9,0,424
POA3857,48,11,5,0,168
POA3858,214,155,75,35,1251
POA3859,71,40,18,0,365
POA3860,640,406,202,78,3293
POA3862,304,221,78,18,1523
POA3864,29,13,5,0,103
POA3865,38,35,11,3,197
POA3869,171,105,34,5,818
POA3870,160,114,40,17,645
POA3871,327,207,79,23,1444
POA3873,40,17,5,0,158
POA3874,85,50,23,7,271
POA3875,1511,1306,697,331,8822
POA3878,148,123,49,20,576
POA3880,428,568,292,107,2117
POA3882,127,93,51,12,547
POA3885,202,115,53,11,871
POA3886,35,24,10,0,162
POA3887,36,25,11,0,132
POA3888,304,320,122,50,1512
POA3889,24,22,13,0,94
POA3890,38,19,8,0,141
POA3891,18,15,14,0,62
POA3892,138,154,65,25,587
POA3893,0,5,0,0,9
POA3895,17,21,8,4,92
POA3896,37,26,14,6,195
POA3898,72,48,14,3,396
POA3900,13,19,3,0,53
POA3902,40,42,16,3,184
POA3903,84,111,27,6,400
POA3904,206,231,77,14,843
POA3909,797,759,349,155,3804
POA3910,1574,907,334,97,10635
POA3911,258,148,75,14,1601
POA3912,1216,658,272,124,6969
POA3913,310,188,64,14,1642
POA3915,670,580,334,96,4385
POA3916,167,125,56,32,613
POA3918,312,196,67,27,1753
POA3919,264,140,60,7,1465
POA3920,8,0,0,0,506
POA3921,17,19,4,0,61
POA3922,788,748,339,186,3912
POA3923,85,83,22,4,289
POA3925,339,275,141,51,1795
POA3926,401,312,163,48,1882
POA3927,254,206,72,34,1016
POA3928,58,44,21,3,240
POA3929,146,147,68,11,549
POA3930,1721,1368,703,202,9278
POA3931,1862,1952,1229,497,12097
POA3933,117,63,27,4,558
POA3934,1494,1265,681,287,9335
POA3936,1001,972,471,209,5477
POA3937,228,156,57,18,877
POA3938,323,321,139,38,1528
POA3939,1187,1125,736,269,6917
POA3940,302,366,389,309,2325
POA3941,1035,976,500,154,6018
POA3942,255,340,165,47,1348
POA3943,181,334,175,47,997
POA3944,88,132,54,15,341
POA3945,132,82,26,7,479
POA3946,22,13,3,3,89
POA3950,350,279,145,59,2122
POA3951,129,77,18,3,485
POA3953,568,515,228,79,3450
POA3954,44,36,18,3,207
POA3956,357,254,106,22,1458
POA3957,17,18,7,0,140
POA3958,26,19,3,0,124
POA3959,115,96,26,13,555
POA3960,284,265,109,62,1256
POA3962,98,72,35,6,428
POA3964,17,11,4,0,61
POA3965,21,22,14,6,99
POA3966,46,46,8,3,219
POA3967,9,7,0,3,56
POA3971,414,319,146,61,1799
POA3975,560,217,67,17,6627
POA3976,1343,574,248,44,10103
POA3977,4142,2280,1012,359,40169
POA3978,393,220,71,8,5103
POA3979,28,8,4,0,128
POA3980,239,158,62,15,1500
POA3981,263,200,103,44,2079
POA3984,443,443,168,46,2304
POA3987,104,79,26,4,666
POA3988,101,53,14,12,434
POA3990,17,11,4,0,56
POA3991,29,33,6,0,153
POA3992,94,55,21,12,457
POA3995,849,722,424,175,4591
POA3996,551,593,282,101,2915
POA4000,1014,474,168,42,11112
POA4005,1461,886,367,253,12742
POA4006,740,428,157,41,10346
POA4007,1107,674,282,128,7803
POA4008,33,17,0,0,224
POA4009,0,0,0,0,0
POA4010,127,54,30,29,1474
POA4011,1216,696,282,127,8640
POA4012,1373,640,310,221,12234
POA4013,263,149,42,22,2444
POA4014,765,363,226,224,5999
POA4017,2581,1603,787,359,17844
POA4018,621,407,278,126,6022
POA4019,1666,1222,505,229,9546
POA4020,2121,1718,905,365,11080
POA4021,601,530,266,161,4108
POA4022,366,370,291,184,3063
POA4025,28,19,10,0,261
POA4029,3,7,3,3,66
POA4030,942,471,183,103,9778
POA4031,806,337,169,90,7455
POA4032,879,578,536,458,8324
POA4034,2910,1943,1291,647,22115
POA4035,2031,1134,507,209,12013
POA4036,353,214,79,39,2897
POA4037,568,261,76,15,3886
POA4051,1607,813,380,191,15408
POA4053,2827,1765,827,340,22665
POA4054,826,596,302,142,6682
POA4055,1464,926,282,130,10238
POA4059,663,367,124,78,8135
POA4060,1084,522,196,78,7177
POA4061,1534,1059,475,147,9107
POA4064,823,396,121,34,6827
POA4065,781,445,164,76,5362
POA4066,1089,723,282,74,10800
POA4067,587,502,230,80,6339
POA4068,1732,1170,540,262,14378
POA4069,3404,2429,1159,567,19369
POA4070,883,605,273,67,6081
POA4072,11,3,0,0,456
POA4073,791,429,240,218,5020
POA4074,2131,1437,436,137,12579
POA4075,1690,1095,484,337,12802
POA4076,386,190,86,21,5283
POA4077,1158,746,485,229,11461
POA4078,1509,798,364,131,11523
POA4101,1601,708,273,122,14580
POA4102,395,211,103,28,4721
POA4103,876,378,150,77,8804
POA4104,523,292,208,135,3989
POA4105,891,508,236,83,7439
POA4106,67,27,26,11,760
POA4107,357,152,120,44,3284
POA4108,332,198,114,31,3192
POA4109,2180,1687,780,368,19094
POA4110,540,340,172,73,4767
POA4111,53,48,15,3,601
POA4112,473,257,72,18,3694
POA4113,1770,980,410,123,15272
POA4114,1257,867,352,124,10026
POA4115,1139,635,241,179,9116
POA4116,1462,688,275,66,12689
POA4117,48,24,4,0,569
POA4118,1793,827,275,91,12322
POA4119,347,172,50,7,3014
POA4120,510,274,108,57,5529
POA4121,1693,931,470,275,13566
POA4122,2549,1705,1046,453,22534
POA4123,1220,814,289,78,9042
POA4124,1127,587,191,83,7956
POA4125,501,374,211,61,2933
POA4127,1735,1153,366,92,11768
POA4128,1356,713,211,32,8024
POA4129,367,233,58,17,2682
POA4130,763,430,107,52,4184
POA4131,535,348,110,15,4379
POA4132,984,528,187,37,9036
POA4133,852,658,307,91,7243
POA4151,1087,566,329,168,9844
POA4152,3396,1772,841,457,23588
POA4153,384,153,75,19,2166
POA4154,630,293,116,23,5185
POA4155,140,70,30,3,686
POA4156,268,140,43,4,1532
POA4157,1474,888,305,124,8744
POA4158,348,186,75,18,1833
POA4159,1148,740,386,284,6963
POA4160,1678,978,405,153,8938
POA4161,1223,617,253,130,7309
POA4163,1517,1129,652,297,7549
POA4164,1083,626,281,154,6945
POA4165,2541,1799,983,461,17091
POA4169,1038,641,208,56,9146
POA4170,1395,628,293,120,13936
POA4171,1203,520,193,53,9074
POA4172,290,112,35,7,2199
POA4173,535,354,136,23,3980
POA4174,136,68,14,9,1041
POA4178,1753,1131,579,312,11978
POA4179,1524,876,417,183,9473
POA4183,229,192,80,21,1084
POA4184,873,998,319,44,3485
POA4205,356,301,246,146,2296
POA4207,3302,2270,936,252,22995
POA4208,942,600,209,41,8507
POA4209,1954,1104,328,135,21586
POA4210,1281,640,226,56,9159
POA4211,4055,2746,1195,466,28471
POA4212,2431,1899,800,300,14088
POA4213,2361,1447,612,231,14185
POA4214,2663,1748,828,415,17895
POA4215,3264,2649,1464,723,26371
POA4216,3146,2903,1482,561,18946
POA4217,3327,2691,1157,399,23320
POA4218,2449,1780,906,296,17412
POA4220,2274,1665,867,367,16465
POA4221,2080,1429,710,299,13422
POA4222,0,0,0,0,0
POA4223,1237,829,392,142,6796
POA4224,573,334,175,107,3494
POA4225,827,574,291,155,4432
POA4226,2421,1722,927,584,16163
POA4227,1183,769,365,220,10629
POA4228,541,288,110,61,2660
POA4229,0,0,0,0,113
POA4230,121,108,85,27,895
POA4270,349,159,43,15,1920
POA4271,344,268,108,22,1593
POA4272,573,488,247,70,2631
POA4275,294,202,57,13,1758
POA4280,968,537,157,34,6948
POA4285,1362,906,361,113,8411
POA4287,80,41,21,0,407
POA4300,2438,1247,403,103,24114
POA4301,1172,529,195,47,10351
POA4303,218,157,106,63,1522
POA4304,1026,604,353,110,7300
POA4305,3576,2244,1240,400,26177
POA4306,2809,1581,515,87,16691
POA4307,110,80,23,5,627
POA4309,216,166,81,10,1218
POA4310,488,382,179,61,2428
POA4311,774,529,169,39,4289
POA4312,302,251,97,19,1195
POA4313,206,161,74,23,945
POA4340,421,267,118,46,2310
POA4341,972,705,276,89,5901
POA4342,179,124,54,6,1083
POA4343,593,417,207,75,4656
POA4344,176,103,47,23,1132
POA4345,0,0,0,0,120
POA4346,68,53,6,0,396
POA4347,84,59,22,3,462
POA4350,7409,4875,2722,1370,49784
POA4352,2230,1333,448,102,13105
POA4353,16,13,4,0,126
POA4354,106,48,20,0,511
POA4355,203,203,136,42,1149
POA4356,303,202,128,103,2048
POA4357,211,132,65,41,1104
POA4358,176,106,33,3,1026
POA4359,116,64,29,0,564
POA4360,42,36,13,0,249
POA4361,216,157,60,18,1070
POA4362,196,177,54,32,1022
POA4363,45,22,7,0,257
POA4364,3,0,0,0,74
POA4365,52,41,6,0,214
POA4370,1266,982,511,200,7439
POA4371,80,40,18,7,281
POA4372,9,6,7,3,67
POA4373,72,59,31,7,369
POA4374,38,44,19,3,174
POA4375,15,22,4,0,74
POA4376,23,27,12,3,135
POA4377,45,39,8,3,222
POA4378,30,44,11,0,222
POA4380,677,576,300,101,3391
POA4381,56,54,17,4,271
POA4382,55,48,12,0,244
POA4383,52,24,16,3,216
POA4384,3,5,0,0,27
POA4385,81,84,45,12,464
POA4387,100,49,34,17,490
POA4388,13,27,8,0,115
POA4390,410,232,118,36,2847
POA4400,125,66,26,3,761
POA4401,303,169,106,27,2056
POA4402,33,20,3,0,112
POA4403,68,33,15,3,312
POA4404,34,10,7,0,224
POA4405,777,490,218,106,5917
POA4406,98,53,28,0,590
POA4407,40,16,11,0,184
POA4408,43,23,11,4,229
POA4410,73,64,34,13,427
POA4411,5,7,3,0,107
POA4412,11,8,0,0,63
POA4413,416,218,115,49,3379
POA4415,131,67,42,15,860
POA4416,27,11,0,0,211
POA4417,43,36,8,8,267
POA4418,0,3,3,0,35
POA4419,46,32,16,5,447
POA4420,68,26,20,9,373
POA4421,230,178,70,8,1138
POA4422,22,20,6,0,163
POA4423,16,10,9,0,89
POA4424,10,9,0,0,91
POA4425,15,12,3,0,84
POA4426,11,5,0,0,47
POA4427,22,15,4,0,158
POA4428,42,20,7,0,251
POA4454,45,18,17,4,296
POA4455,467,205,119,44,3767
POA4461,7,6,0,0,29
POA4462,3,4,3,0,34
POA4465,89,47,18,9,447
POA4467,15,8,3,3,70
POA4468,22,6,4,0,95
POA4470,225,80,61,31,1352
POA4472,103,62,30,8,527
POA4474,8,4,0,0,39
POA4475,0,0,0,0,0
POA4477,25,12,10,5,158
POA4478,31,11,6,0,165
POA4479,3,0,0,0,4
POA4480,44,20,5,3,279
POA4481,7,0,0,0,45
POA4482,12,3,0,0,69
POA4486,54,27,14,3,287
POA4487,165,86,41,9,1195
POA4488,17,23,0,0,103
POA4489,11,11,0,0,29
POA4490,115,57,29,10,523
POA4491,7,3,0,0,30
POA4492,28,10,3,0,125
POA4493,5,0,0,0,14
POA4494,6,3,0,0,62
POA4496,12,10,0,0,97
POA4497,18,5,7,3,115
POA4498,14,9,0,0,94
POA4500,2614,1391,490,175,18833
POA4501,325,249,122,66,2585
POA4502,659,323,88,27,4039
POA4503,2281,1469,566,253,19072
POA4504,944,475,130,25,7910
POA4505,1371,918,429,138,8832
POA4506,1331,728,280,96,8878
POA4507,1730,2093,1120,445,8648
POA4508,1178,839,460,246,8065
POA4509,1196,761,316,99,13798
POA4510,3004,2250,1097,594,20252
POA4511,695,774,333,78,4049
POA4512,286,184,38,12,1586
POA4514,563,370,133,54,3886
POA4515,291,249,88,15,1687
POA4516,251,168,51,10,1741
POA4517,53,64,30,10,374
POA4518,405,310,111,28,2335
POA4519,614,442,186,106,3755
POA4520,1435,835,219,45,7115
POA4521,428,277,73,18,2387
POA4550,371,210,77,18,1967
POA4551,4301,3755,2102,842,27011
POA4552,1125,1096,410,124,4762
POA4553,519,276,107,20,2867
POA4554,214,110,24,13,1004
POA4555,589,422,193,76,3329
POA4556,3454,2671,1593,772,22086
POA4557,1389,870,363,101,9564
POA4558,1621,1252,714,327,10055
POA4559,558,368,149,48,3058
POA4560,2709,2078,1046,437,15432
POA4561,743,434,127,25,3587
POA4562,866,598,159,34,4148
POA4563,923,659,272,80,4219
POA4564,1029,718,298,71,5420
POA4565,1338,1258,633,368,7257
POA4566,893,904,435,149,4451
POA4567,1272,1005,351,95,6140
POA4568,378,266,89,16,1774
POA4569,200,114,37,11,857
POA4570,3651,2593,1100,382,18508
POA4571,100,75,20,0,405
POA4572,374,218,152,126,2332
POA4573,2221,1555,710,245,13660
POA4574,148,114,20,3,613
POA4575,1897,1375,715,289,11769
POA4580,507,612,241,51,2130
POA4581,181,155,47,4,821
POA4600,84,55,13,0,337
POA4601,82,85,41,3,446
POA4605,261,196,101,32,1624
POA4606,166,180,105,46,996
POA4608,91,55,20,4,385
POA4610,1099,691,342,132,6230
POA4611,3,7,3,0,33
POA4612,22,26,7,0,108
POA4613,68,74,27,3,361
POA4614,84,119,38,8,457
POA4615,601,502,218,37,2913
POA4620,36,22,8,5,149
POA4621,142,135,76,12,688
POA4625,190,137,69,26,1153
POA4626,132,79,37,18,856
POA4627,50,40,32,0,332
POA4630,176,119,78,30,961
POA4650,2918,2245,1021,296,14694
POA4655,5018,4618,2318,696,27036
POA4659,523,563,218,44,2204
POA4660,702,691,256,61,3116
POA4662,57,44,21,0,337
POA4670,5995,4486,2476,853,33682
POA4671,554,446,157,34,2505
POA4673,73,43,15,0,265
POA4674,175,118,35,4,581
POA4676,28,10,3,0,72
POA4677,354,221,57,3,1696
POA4678,78,80,24,4,370
POA4680,3288,1412,581,180,24117
POA4694,6,9,0,0,69
POA4695,79,46,8,3,413
POA4697,4,3,0,0,46
POA4699,24,13,12,0,143
POA4700,1279,713,487,268,7974
POA4701,2581,1468,795,357,17782
POA4702,1832,965,395,83,11669
POA4703,1969,1221,568,222,10547
POA4704,8,9,0,0,52
POA4705,13,12,5,0,129
POA4706,10,3,3,0,34
POA4707,23,11,6,0,84
POA4709,58,8,0,0,509
POA4710,409,292,159,97,2161
POA4711,148,77,10,0,811
POA4712,18,8,8,3,99
POA4713,38,9,0,0,246
POA4714,251,190,66,20,1102
POA4715,367,167,105,19,2833
POA4716,62,26,8,3,332
POA4717,196,40,6,0,2054
POA4718,142,50,21,5,970
POA4719,59,39,21,5,401
POA4720,764,227,69,28,6430
POA4721,196,119,40,15,1523
POA4722,97,39,20,7,708
POA4723,85,33,12,3,570
POA4724,18,20,11,0,192
POA4725,108,66,40,8,653
POA4726,14,12,8,3,131
POA4727,21,4,3,0,104
POA4728,18,7,0,0,68
POA4730,259,128,69,34,1490
POA4731,22,6,0,0,81
POA4732,7,4,0,0,54
POA4733,16,7,3,0,63
POA4735,58,60,23,5,404
POA4736,3,3,0,0,40
POA4737,588,390,150,37,3417
POA4738,92,56,14,3,463
POA4739,30,12,10,0,122
POA4740,5491,2692,1359,493,36149
POA4741,567,310,136,27,3155
POA4742,73,28,3,0,574
POA4743,37,5,0,0,317
POA4744,335,65,11,3,4011
POA4745,155,38,8,0,1385
POA4746,82,11,0,0,881
POA4750,386,172,41,7,2504
POA4751,284,147,50,12,1953
POA4753,208,75,29,8,1774
POA4754,156,58,26,33,951
POA4756,55,44,11,0,256
POA4757,41,21,11,0,160
POA4798,37,27,14,4,229
POA4799,85,86,29,0,443
POA4800,837,468,191,73,4257
POA4801,9,3,0,0,191
POA4802,749,481,123,17,5346
POA4803,75,28,5,0,1395
POA4804,118,77,34,9,678
POA4805,780,576,245,86,4625
POA4806,251,215,106,57,1475
POA4807,724,488,253,84,4339
POA4808,76,55,19,6,425
POA4809,81,46,15,4,396
POA4810,1917,1069,439,201,12356
POA4811,790,431,205,32,6395
POA4812,1318,766,477,228,8962
POA4814,2802,1580,698,215,21097
POA4815,1119,748,319,81,8384
POA4816,737,496,137,11,3562
POA4817,1910,955,327,91,13084
POA4818,1434,754,202,24,12511
POA4819,413,248,97,23,1388
POA4820,662,463,237,65,4034
POA4821,71,51,16,10,480
POA4822,44,24,10,3,309
POA4823,65,21,10,3,408
POA4824,189,82,29,12,1252
POA4825,949,394,122,28,8486
POA4828,17,9,5,0,79
POA4829,38,5,5,0,195
POA4830,55,18,3,0,359
POA4849,131,121,67,18,611
POA4850,922,617,358,117,4494
POA4852,453,308,92,24,1928
POA4854,371,230,113,33,2137
POA4855,86,33,20,3,329
POA4856,68,32,20,3,295
POA4858,127,59,41,7,644
POA4859,33,23,14,4,221
POA4860,905,526,300,75,4814
POA4861,149,72,48,22,647
POA4865,573,338,128,33,3581
POA4868,1613,929,321,107,9917
POA4869,930,517,175,26,7723
POA4870,5437,2986,1304,502,36487
POA4871,886,539,169,39,4347
POA4872,351,298,95,20,1677
POA4873,636,379,155,54,3219
POA4874,237,61,6,0,2228
POA4875,400,129,25,9,3326
POA4876,121,26,9,0,935
POA4877,544,323,155,42,2986
POA4878,1266,700,219,67,7218
POA4879,1836,1103,351,53,10175
POA4880,813,645,313,88,5988
POA4881,557,370,112,17,2437
POA4882,265,153,81,15,1261
POA4883,646,513,329,108,3752
POA4884,204,172,62,29,973
POA4885,414,314,145,35,1839
POA4886,90,58,22,12,359
POA4887,225,170,74,19,938
POA4888,324,265,85,25,1376
POA4890,73,34,7,0,421
POA4891,48,55,22,0,261
POA4892,208,80,11,0,1632
POA4895,429,288,76,21,2144
POA5000,902,699,229,74,9586
POA5005,0,0,0,0,0
POA5006,608,600,268,171,4442
POA5007,453,183,96,70,3867
POA5008,846,392,180,102,6188
POA5009,308,155,95,45,2274
POA5010,220,155,96,74,2178
POA5011,765,363,153,88,5698
POA5012,405,226,120,55,4156
POA5013,581,315,130,76,3912
POA5014,812,466,235,97,5274
POA5015,439,231,80,27,2757
POA5016,717,382,192,166,4135
POA5017,342,207,100,12,2017
POA5018,633,368,144,52,2642
POA5019,870,525,220,107,4590
POA5020,309,244,102,35,1559
POA5021,543,565,268,101,2847
POA5022,1498,972,453,197,8290
POA5023,870,588,400,249,7138
POA5024,989,770,484,190,6684
POA5025,492,374,226,83,3647
POA5031,639,295,112,40,5130
POA5032,865,505,293,192,6373
POA5033,411,235,172,158,4198
POA5034,970,598,216,155,5821
POA5035,455,276,150,83,3425
POA5037,608,379,288,324,5489
POA5038,888,593,328,155,7865
POA5039,617,281,188,104,4430
POA5040,201,173,93,31,1087
POA5041,1190,711,305,253,7054
POA5042,613,438,335,148,5387
POA5043,1079,860,545,314,9056
POA5044,944,674,403,290,5693
POA5045,1585,1076,506,288,8839
POA5046,666,487,253,183,4611
POA5047,535,404,212,80,4044
POA5048,1327,1008,587,353,7467
POA5049,1061,746,294,94,5428
POA5050,555,513,263,102,3204
POA5051,1402,1036,376,128,7682
POA5052,669,566,310,124,3725
POA5061,997,708,230,89,5447
POA5062,1590,1157,454,273,8390
POA5063,1103,781,304,244,7161
POA5064,1001,795,467,344,5455
POA5065,985,858,408,300,5899
POA5066,1277,917,456,171,6561
POA5067,964,735,305,99,6161
POA5068,1108,839,491,288,6800
POA5069,836,497,206,78,4766
POA5070,988,685,398,260,7368
POA5072,1057,796,398,193,6695
POA5073,1024,720,500,158,7530
POA5074,683,495,384,137,5838
POA5075,725,548,340,126,5013
POA5076,750,547,209,38,4436
POA5081,935,699,345,165,5290
POA5082,1278,614,226,112,7883
POA5083,589,293,122,82,3820
POA5084,455,264,138,54,4013
POA5085,958,591,311,204,10099
POA5086,951,575,295,134,7747
POA5087,687,444,298,143,5905
POA5088,190,132,79,19,1538
POA5089,540,483,150,24,3306
POA5090,481,480,340,230,3625
POA5091,560,543,255,59,3782
POA5092,1168,839,420,112,8138
POA5093,501,550,236,64,4089
POA5094,36,53,18,3,354
POA5095,977,529,224,105,9679
POA5096,826,526,278,62,5706
POA5097,1040,704,353,140,6382
POA5098,650,651,289,102,5173
POA5106,3,10,15,25,121
POA5107,753,467,250,59,6189
POA5108,1882,1061,540,180,13926
POA5109,1292,871,461,171,8336
POA5110,376,223,118,36,3084
POA5111,0,0,0,0,149
POA5112,1010,672,557,254,7157
POA5113,812,532,409,120,6232
POA5114,1606,798,346,161,12796
POA5115,372,175,45,12,3816
POA5116,559,408,245,109,3940
POA5117,135,100,41,8,1180
POA5118,1446,859,405,169,8188
POA5120,110,40,19,3,657
POA5121,97,55,47,8,596
POA5125,1450,774,376,127,8814
POA5126,505,404,167,32,3385
POA5127,719,375,117,35,3709
POA5131,123,83,22,0,507
POA5132,37,53,8,0,218
POA5133,46,34,7,3,206
POA5134,56,39,14,3,244
POA5136,54,42,7,3,269
POA5137,87,54,10,4,325
POA5138,35,18,6,0,169
POA5139,28,15,3,3,109
POA5140,37,35,8,0,233
POA5141,93,50,7,3,364
POA5142,59,29,5,12,269
POA5144,81,43,9,0,253
POA5150,11,7,5,0,40
POA5151,44,25,5,0,194
POA5152,708,588,210,59,3548
POA5153,827,436,112,45,3499
POA5154,456,356,94,21,1922
POA5155,417,242,71,19,2137
POA5156,127,82,15,3,528
POA5157,398,259,60,7,1568
POA5158,2248,1122,377,144,12230
POA5159,2982,1957,704,278,16412
POA5160,0,5,0,0,16
POA5161,652,493,223,119,4572
POA5162,2162,1691,782,283,14903
POA5163,1010,723,278,102,5943
POA5164,279,267,130,38,2037
POA5165,363,275,197,120,2560
POA5166,124,134,46,11,805
POA5167,496,331,185,101,2838
POA5168,391,255,101,26,2402
POA5169,1084,694,347,186,7762
POA5170,121,47,33,3,553
POA5171,539,443,220,123,2944
POA5172,414,248,108,29,1994
POA5173,876,641,283,91,5805
POA5174,238,158,49,4,1382
POA5201,207,103,20,9,974
POA5202,83,41,10,10,392
POA5203,147,115,46,15,573
POA5204,389,358,129,28,1443
POA5210,164,118,32,3,805
POA5211,1373,1709,898,400,7331
POA5212,220,244,179,83,1089
POA5213,142,95,41,8,587
POA5214,831,1004,500,181,4093
POA5220,7,6,0,3,57
POA5221,33,46,10,0,143
POA5222,68,79,26,12,330
POA5223,376,209,102,40,1662
POA5231,143,71,26,4,632
POA5232,49,26,10,0,198
POA5233,150,93,37,23,768
POA5234,127,82,23,4,667
POA5235,275,181,62,21,1208
POA5236,26,15,3,0,151
POA5237,25,14,0,3,141
POA5238,369,338,151,44,1701
POA5240,61,34,14,3,243
POA5241,215,96,61,12,1133
POA5242,163,124,46,14,846
POA5243,109,66,18,8,454
POA5244,391,255,72,32,2086
POA5245,330,255,135,92,1623
POA5250,311,209,47,10,1719
POA5251,1023,732,340,131,6921
POA5252,451,276,74,14,3063
POA5253,1057,822,416,143,7269
POA5254,222,111,40,9,1072
POA5255,794,641,252,98,4316
POA5256,149,170,39,9,690
POA5259,94,82,14,0,455
POA5260,97,82,41,17,595
POA5261,13,10,4,3,127
POA5262,23,12,5,0,145
POA5263,14,11,0,0,73
POA5264,92,75,36,11,481
POA5265,31,13,7,0,170
POA5266,21,23,13,0,221
POA5267,140,86,21,14,781
POA5268,204,129,88,76,1474
POA5269,20,14,5,0,97
POA5270,45,15,3,0,228
POA5271,431,301,147,79,2937
POA5272,70,41,11,5,327
POA5273,11,5,3,0,49
POA5275,179,155,80,30,987
POA5276,124,105,38,25,603
POA5277,174,129,46,21,1078
POA5278,35,21,8,0,204
POA5279,51,21,7,3,185
POA5280,543,361,181,118,2886
POA5290,1538,1079,586,258,10205
POA5291,681,417,149,45,4132
POA5301,53,22,14,0,201
POA5302,51,45,25,14,327
POA5303,12,6,0,0,82
POA5304,50,25,12,7,300
POA5306,5,8,0,0,21
POA5307,37,32,17,13,212
POA5308,15,0,0,0,45
POA5309,10,13,3,0,49
POA5310,5,3,0,0,25
POA5311,30,8,4,0,144
POA5320,68,59,23,8,264
POA5321,60,30,4,0,341
POA5322,67,71,11,4,400
POA5330,262,180,94,58,1334
POA5331,33,21,10,0,125
POA5332,32,25,11,0,142
POA5333,368,260,144,65,2306
POA5340,125,86,21,8,617
POA5341,458,360,189,109,2934
POA5342,109,52,18,7,452
POA5343,321,244,114,53,1968
POA5344,64,38,13,3,373
POA5345,276,201,99,41,1391
POA5346,33,8,0,4,143
POA5350,50,24,3,0,224
POA5351,527,295,117,36,2814
POA5352,498,288,142,96,2492
POA5353,354,213,83,22,1720
POA5354,28,25,16,0,149
POA5355,520,414,170,74,3187
POA5356,77,37,8,3,360
POA5357,31,40,18,3,179
POA5360,111,42,16,3,524
POA5371,90,32,16,3,561
POA5372,137,67,17,10,872
POA5373,293,215,73,20,1432
POA5374,124,64,36,10,549
POA5381,37,27,12,0,137
POA5400,69,20,3,3,393
POA5401,81,54,24,20,378
POA5410,24,18,7,0,134
POA5411,24,20,8,0,130
POA5412,119,105,39,21,528
POA5413,81,46,16,7,353
POA5414,18,18,3,0,68
POA5415,22,26,10,0,111
POA5416,27,12,6,0,116
POA5417,137,115,47,12,625
POA5418,12,10,3,0,55
POA5419,19,7,6,0,95
POA5420,9,4,0,0,50
POA5421,8,7,4,0,50
POA5422,166,88,46,19,584
POA5431,77,48,30,13,372
POA5432,20,15,4,0,55
POA5433,124,76,38,7,550
POA5434,57,41,0,3,225
POA5440,25,3,3,7,130
POA5451,94,62,14,11,368
POA5452,52,29,8,0,202
POA5453,431,281,124,42,2235
POA5454,29,26,6,0,155
POA5455,0,5,0,0,20
POA5460,57,32,10,6,279
POA5461,155,123,68,20,954
POA5462,29,16,5,3,185
POA5464,49,19,6,0,261
POA5470,12,14,0,0,59
POA5471,6,3,3,0,43
POA5472,14,12,3,0,72
POA5473,60,53,13,5,285
POA5480,78,52,28,5,354
POA5481,85,35,11,4,242
POA5482,36,20,18,12,216
POA5483,28,23,5,3,152
POA5485,53,36,18,3,247
POA5490,20,7,5,4,85
POA5491,131,74,38,46,723
POA5493,8,6,3,0,43
POA5495,70,65,17,3,266
POA5501,489,286,66,24,2838
POA5502,102,63,20,14,607
POA5510,12,7,0,0,43
POA5520,46,23,9,8,201
POA5521,6,3,4,0,46
POA5522,121,122,71,29,581
POA5523,178,112,45,12,830
POA5540,962,659,353,129,5677
POA5550,41,36,11,3,296
POA5552,19,26,7,0,152
POA5554,364,248,126,69,2142
POA5555,41,44,15,3,212
POA5556,321,281,168,71,1639
POA5558,430,448,187,64,2018
POA5560,20,22,4,7,148
POA5570,54,63,19,4,219
POA5571,176,158,65,31,746
POA5572,17,9,0,0,59
POA5573,152,123,62,27,779
POA5575,221,185,75,48,989
POA5576,91,67,27,7,407
POA5577,48,33,12,6,212
POA5580,24,30,14,5,139
POA5581,55,71,45,6,243
POA5582,66,64,21,18,260
POA5583,74,91,37,14,349
POA5600,541,322,189,84,3005
POA5601,39,37,15,0,196
POA5602,104,82,19,18,531
POA5603,37,29,4,0,178
POA5604,16,10,6,0,84
POA5605,140,110,53,39,677
POA5606,998,645,341,123,6032
POA5607,426,261,79,14,2262
POA5608,750,537,344,90,5097
POA5609,78,43,44,8,870
POA5630,8,3,0,0,54
POA5631,56,34,20,24,422
POA5632,10,3,0,0,75
POA5633,25,0,5,3,110
POA5640,78,42,25,20,398
POA5641,57,33,26,11,366
POA5642,9,3,0,0,88
POA5650,9,4,4,3,60
POA5651,3,0,0,0,32
POA5652,40,19,4,13,256
POA5653,6,0,0,0,19
POA5654,17,16,3,0,82
POA5655,9,3,0,0,32
POA5660,3,0,0,0,11
POA5661,14,3,0,0,56
POA5670,59,27,8,11,216
POA5671,12,0,0,0,53
POA5680,210,98,44,19,878
POA5690,226,137,40,37,1518
POA5700,807,575,230,86,4604
POA5701,0,0,0,0,4
POA5710,193,71,20,7,1413
POA5713,0,0,0,0,12
POA5715,0,0,0,0,16
POA5717,0,0,0,0,6
POA5719,5,0,3,0,22
POA5720,25,7,3,0,111
POA5722,22,23,20,3,135
POA5723,183,139,61,8,1084
POA5724,35,16,10,3,179
POA5725,188,25,5,3,1856
POA5730,16,5,0,0,51
POA5731,46,7,0,0,288
POA5732,20,6,0,0,117
POA5733,21,12,0,0,109
POA5734,7,7,4,0,80
POA5950,0,0,0,0,0
POA5960,0,0,0,0,0
POA6000,656,323,125,38,8225
POA6003,221,92,39,6,2533
POA6004,806,437,148,33,7667
POA6005,318,251,122,76,4146
POA6006,689,313,173,90,5156
POA6007,549,341,150,89,4791
POA6008,1469,1129,495,164,9813
POA6009,1720,1373,628,248,10967
POA6010,1727,1330,793,391,10045
POA6011,1098,697,320,146,5580
POA6012,805,670,297,118,5215
POA6014,1744,1009,614,356,11989
POA6015,702,423,368,157,3718
POA6016,637,312,112,76,5744
POA6017,204,120,57,19,2431
POA6018,2735,1796,1139,568,21158
POA6019,1608,1004,617,177,13320
POA6020,2355,1672,538,155,11372
POA6021,1234,838,516,233,10008
POA6022,351,331,121,29,2508
POA6023,1442,1022,329,154,8031
POA6024,1003,925,281,77,6763
POA6025,2716,1691,535,176,15553
POA6026,2224,1083,491,315,11121
POA6027,3666,1902,706,201,21475
POA6028,1723,647,251,66,10927
POA6029,269,191,92,38,1573
POA6030,2102,1186,731,335,18018
POA6031,680,294,79,20,7466
POA6032,26,9,0,0,106
POA6033,26,26,3,0,192
POA6034,35,17,3,0,836
POA6035,454,391,207,99,4097
POA6036,550,304,106,19,6970
POA6037,221,164,82,7,1401
POA6038,192,112,24,3,3179
POA6041,143,129,50,6,633
POA6042,14,13,0,0,38
POA6043,21,28,6,3,110
POA6044,153,119,52,11,605
POA6050,1353,825,431,445,9304
POA6051,820,492,165,63,7873
POA6052,854,440,242,76,6106
POA6053,1105,555,323,258,7960
POA6054,1403,873,408,165,9848
POA6055,1119,614,302,78,10602
POA6056,2695,1824,904,376,17694
POA6057,1044,716,348,77,7368
POA6058,851,490,266,110,5558
POA6059,1667,1138,834,267,11629
POA6060,1425,859,599,345,13544
POA6061,1672,1029,584,141,17630
POA6062,2154,1537,840,317,15691
POA6063,829,412,121,30,5734
POA6064,1668,990,460,182,11875
POA6065,3017,1790,891,274,28048
POA6066,1258,524,232,68,7450
POA6067,0,0,0,0,15
POA6068,0,0,0,0,0
POA6069,1659,953,442,193,17160
POA6070,401,335,123,13,2031
POA6071,403,258,92,31,1838
POA6072,118,72,24,3,508
POA6073,282,251,118,67,1559
POA6074,96,76,25,3,502
POA6076,2070,1800,933,264,11384
POA6077,149,89,32,11,637
POA6078,90,58,9,0,431
POA6079,3,0,4,0,14
POA6081,454,291,70,25,2367
POA6082,286,169,60,16,1546
POA6083,388,209,75,12,1789
POA6084,663,368,122,24,3885
POA6090,0,0,0,0,3
POA6100,1028,520,208,66,8820
POA6101,978,542,253,138,9583
POA6102,561,449,410,517,7669
POA6103,604,281,172,69,5998
POA6104,873,560,312,146,7318
POA6105,780,520,329,120,7204
POA6106,4,4,0,0,15
POA6107,1976,1201,587,240,21370
POA6108,1526,988,455,109,10197
POA6109,631,402,243,80,4920
POA6110,2109,1318,736,286,17342
POA6111,1822,1268,469,192,10673
POA6112,2767,1629,824,259,25406
POA6121,226,113,30,5,1273
POA6122,745,381,117,37,7488
POA6123,106,44,16,15,633
POA6124,92,68,21,7,595
POA6125,261,168,86,18,1467
POA6126,57,44,11,0,477
POA6147,967,578,284,66,6967
POA6148,1466,1045,632,328,9379
POA6149,1981,1196,483,284,9931
POA6150,1297,922,484,291,7384
POA6151,1617,1034,377,174,10156
POA6152,2130,1317,699,484,14738
POA6153,2031,1376,711,338,11629
POA6154,798,555,390,245,5467
POA6155,3421,1885,650,215,25185
POA6156,1222,807,559,261,8760
POA6157,1133,771,452,257,7588
POA6158,849,454,214,102,4362
POA6159,384,349,136,48,2233
POA6160,841,571,263,89,5318
POA6161,37,16,6,0,259
POA6162,1094,623,225,70,6158
POA6163,3945,2256,1256,596,25861
POA6164,2785,1272,500,181,27270
POA6165,11,4,0,0,40
POA6166,720,427,199,50,4492
POA6167,1303,778,429,133,11852
POA6168,1793,1315,828,293,11145
POA6169,2496,1557,883,333,15743
POA6170,483,244,71,10,5903
POA6171,1249,747,285,45,14248
POA6172,722,354,210,126,5862
POA6173,432,204,65,15,5344
POA6174,164,86,52,4,1677
POA6175,164,105,49,5,1663
POA6176,86,55,12,5,684
POA6180,256,203,82,9,2386
POA6181,52,11,0,0,227
POA6182,0,0,0,0,0
POA6207,100,47,10,3,479
POA6208,804,753,439,103,4970
POA6209,164,122,57,13,772
POA6210,4963,4249,2669,981,31001
POA6211,599,547,203,20,3309
POA6213,59,49,17,0,308
POA6214,32,32,5,5,263
POA6215,307,225,153,61,1811
POA6218,38,24,6,0,168
POA6220,328,254,130,36,2021
POA6221,22,15,8,0,193
POA6223,12,7,8,0,103
POA6224,75,60,23,9,454
POA6225,673,448,199,73,3800
POA6226,62,25,5,0,366
POA6227,40,32,14,3,345
POA6228,3,10,4,0,66
POA6229,12,15,3,0,75
POA6230,3228,1954,859,323,20219
POA6232,610,392,288,151,4722
POA6233,1364,844,306,80,8420
POA6236,238,114,39,4,999
POA6237,294,127,26,9,1182
POA6239,410,285,139,51,2053
POA6240,17,10,6,0,58
POA6243,3,6,0,0,17
POA6244,125,101,45,14,600
POA6251,42,21,0,0,173
POA6252,17,11,4,0,71
POA6253,109,83,23,3,352
POA6254,51,22,20,0,205
POA6255,422,386,124,35,1944
POA6256,44,24,10,0,193
POA6258,485,300,163,58,2641
POA6260,118,93,33,8,606
POA6262,79,58,29,0,340
POA6271,216,178,61,14,1430
POA6275,161,142,44,8,632
POA6280,2150,1700,901,393,12940
POA6281,582,476,189,42,3831
POA6282,158,100,32,3,748
POA6284,179,87,36,19,1142
POA6285,767,389,155,46,4735
POA6286,73,49,19,0,330
POA6288,51,27,3,3,240
POA6290,197,206,100,44,887
POA6302,383,352,148,36,1710
POA6304,177,133,86,14,779
POA6306,61,60,35,25,406
POA6308,149,93,39,12,634
POA6309,27,27,6,4,132
POA6311,33,42,16,3,256
POA6312,381,242,127,47,2132
POA6313,38,13,6,0,137
POA6315,174,113,53,27,777
POA6316,23,14,7,0,137
POA6317,265,161,105,47,1664
POA6318,51,22,9,3,235
POA6320,44,21,24,3,224
POA6321,36,20,14,0,185
POA6322,25,21,11,0,104
POA6323,109,98,37,0,464
POA6324,321,213,95,42,1628
POA6326,38,31,7,0,199
POA6327,29,13,3,3,119
POA6328,39,24,3,3,178
POA6330,3073,2123,1053,454,16876
POA6333,672,595,244,61,3134
POA6335,58,29,6,8,310
POA6336,21,13,0,0,123
POA6337,40,11,9,3,220
POA6338,60,37,21,0,324
POA6341,17,22,4,0,116
POA6343,15,8,3,0,114
POA6346,59,42,16,3,333
POA6348,87,77,20,7,406
POA6350,27,19,8,0,105
POA6351,4,0,0,0,33
POA6352,14,6,3,0,88
POA6353,52,28,15,3,330
POA6355,32,12,5,0,157
POA6356,7,0,0,0,46
POA6357,0,0,0,0,25
POA6358,12,3,0,0,34
POA6359,24,15,5,0,172
POA6361,9,8,0,0,46
POA6363,3,3,3,0,41
POA6365,28,29,12,9,215
POA6367,35,12,9,0,131
POA6368,3,0,0,0,15
POA6369,45,33,14,13,224
POA6370,27,17,6,0,153
POA6372,13,6,5,0,56
POA6373,4,0,0,0,28
POA6375,65,42,26,18,383
POA6383,92,64,40,9,392
POA6384,3,0,0,0,22
POA6385,6,0,0,0,6
POA6386,10,3,10,3,49
POA6390,121,71,30,3,777
POA6391,75,51,17,3,411
POA6392,37,10,3,4,168
POA6393,13,8,0,0,46
POA6394,26,24,3,4,188
POA6395,111,70,38,26,680
POA6396,29,17,10,7,169
POA6397,3,4,4,0,37
POA6398,70,47,41,0,277
POA6401,631,404,203,94,3696
POA6403,18,15,3,0,66
POA6405,18,12,8,0,97
POA6407,80,38,23,7,442
POA6409,21,12,3,0,144
POA6410,61,44,44,18,397
POA6411,11,7,4,0,63
POA6412,5,0,0,0,29
POA6413,10,0,0,0,22
POA6414,7,5,0,0,31
POA6415,183,91,53,20,1157
POA6418,46,40,15,3,277
POA6419,3,0,0,0,19
POA6420,11,4,0,0,41
POA6421,20,7,0,0,61
POA6422,3,0,0,0,28
POA6423,15,10,8,0,100
POA6424,5,5,0,3,37
POA6425,7,0,3,0,36
POA6426,43,35,16,15,328
POA6427,7,0,0,0,66
POA6428,4,0,0,0,22
POA6429,68,41,16,0,374
POA6430,1291,472,177,44,10246
POA6431,54,23,3,0,384
POA6432,444,173,53,10,2888
POA6434,8,3,0,0,81
POA6436,9,6,0,0,42
POA6437,32,8,0,0,316
POA6438,52,23,6,3,427
POA6440,94,21,8,0,610
POA6442,127,57,17,3,1016
POA6443,82,44,10,3,392
POA6445,14,8,4,0,77
POA6446,0,0,3,0,56
POA6447,20,0,0,0,97
POA6448,32,10,8,0,169
POA6450,931,589,317,121,5869
POA6452,0,0,0,0,5
POA6460,64,46,19,8,297
POA6461,36,31,11,0,192
POA6462,7,6,0,0,42
POA6463,0,0,0,0,8
POA6465,3,0,0,0,10
POA6466,3,9,0,0,21
POA6467,0,0,0,0,9
POA6468,9,14,3,0,92
POA6470,0,0,0,0,7
POA6472,3,3,0,0,62
POA6473,3,0,0,0,12
POA6475,25,13,12,4,134
POA6476,6,4,0,0,19
POA6477,11,10,5,0,90
POA6479,32,15,6,6,204
POA6480,7,0,0,0,18
POA6484,11,0,0,0,60
POA6485,34,34,18,14,201
POA6487,7,0,0,0,20
POA6488,14,10,5,3,74
POA6489,14,5,3,0,44
POA6490,17,9,4,0,87
POA6501,80,52,18,3,416
POA6502,93,86,44,4,474
POA6503,153,131,53,13,945
POA6504,18,15,10,0,78
POA6505,5,10,3,0,47
POA6506,3,3,4,0,22
POA6507,48,30,15,3,243
POA6509,15,16,10,0,111
POA6510,139,83,34,14,749
POA6511,46,30,19,3,236
POA6512,10,3,0,0,41
POA6513,8,9,0,0,76
POA6514,73,59,15,0,263
POA6515,21,22,3,0,123
POA6516,180,121,62,6,808
POA6517,42,14,9,3,178
POA6518,9,17,6,0,73
POA6519,37,32,3,9,232
POA6521,27,18,4,0,152
POA6522,38,16,3,0,182
POA6525,306,268,121,28,1573
POA6528,36,17,8,4,175
POA6530,2183,1294,692,211,14072
POA6532,476,243,68,16,3173
POA6535,155,92,54,25,644
POA6536,186,153,52,11,768
POA6537,69,73,18,7,435
POA6556,201,114,38,8,1006
POA6558,173,84,26,0,2233
POA6560,102,69,34,3,567
POA6562,135,90,20,3,568
POA6564,36,20,9,3,145
POA6566,384,330,107,16,1574
POA6567,48,45,15,0,205
POA6568,16,5,0,0,74
POA6569,17,13,5,3,104
POA6571,7,3,0,0,25
POA6572,3,0,0,0,22
POA6574,6,0,0,0,32
POA6575,6,3,0,0,60
POA6603,80,43,11,10,429
POA6605,4,3,0,0,12
POA6606,13,6,5,0,69
POA6608,8,5,0,0,43
POA6609,47,15,15,4,326
POA6612,13,8,10,3,83
POA6613,6,0,0,0,21
POA6614,3,3,0,0,7
POA6616,0,0,0,0,18
POA6620,41,13,5,6,251
POA6623,54,19,14,6,253
POA6625,0,3,0,0,22
POA6627,3,3,0,0,23
POA6628,0,0,0,0,13
POA6630,33,27,16,0,238
POA6631,3,4,0,0,7
POA6632,0,3,0,0,30
POA6635,32,4,3,0,184
POA6638,45,44,6,0,232
POA6639,12,11,3,0,50
POA6640,24,17,3,0,100
POA6642,77,33,3,3,542
POA6646,45,15,3,0,400
POA6701,411,231,95,33,2465
POA6705,18,8,0,0,99
POA6707,211,129,27,9,1420
POA6710,397,51,8,0,2952
POA6711,0,0,0,0,0
POA6712,158,23,0,0,1566
POA6713,49,11,3,0,529
POA6714,817,197,29,6,8699
POA6716,39,0,0,0,351
POA6718,46,20,7,3,431
POA6720,131,22,4,0,1199
POA6721,297,89,17,4,2554
POA6722,476,120,29,14,4702
POA6725,739,286,82,27,5264
POA6726,424,157,40,5,2802
POA6728,358,145,34,9,2416
POA6731,0,0,0,0,3
POA6733,0,0,0,0,0
POA6740,63,50,14,0,451
POA6743,442,142,34,6,2928
POA6751,250,40,3,0,2695
POA6753,381,50,4,0,4127
POA6754,58,9,0,0,626
POA6758,106,12,0,0,1080
POA6760,31,22,3,0,263
POA6762,60,13,0,0,506
POA6765,73,29,8,5,660
POA6770,143,58,19,3,1205
POA7000,1406,758,278,121,8363
POA7001,0,0,0,0,0
POA7004,706,554,272,170,4595
POA7005,1230,1040,514,250,7959
POA7007,340,232,71,19,1776
POA7008,1056,617,282,153,6447
POA7009,846,484,229,83,5504
POA7010,1079,703,469,222,6778
POA7011,854,561,441,153,5805
POA7012,87,40,9,3,406
POA7015,923,690,469,296,5298
POA7016,132,62,49,13,1314
POA7017,485,245,112,52,2582
POA7018,1664,1420,810,284,10178
POA7019,285,192,87,20,2243
POA7020,312,127,32,7,1300
POA7021,254,137,65,40,1197
POA7022,104,80,25,8,467
POA7023,64,29,13,4,188
POA7024,64,32,11,0,306
POA7025,193,148,49,11,883
POA7026,81,49,10,8,423
POA7027,26,17,0,0,118
POA7030,954,630,223,51,6008
POA7050,938,728,384,150,6070
POA7052,727,475,223,45,3644
POA7053,460,319,153,62,2116
POA7054,817,493,177,53,4413
POA7055,26,22,8,0,194
POA7109,817,518,221,44,4142
POA7112,341,276,91,15,1511
POA7113,121,74,33,19,546
POA7116,238,192,50,13,1028
POA7117,95,76,29,8,379
POA7119,0,0,0,0,14
POA7120,137,107,47,18,669
POA7139,0,0,0,0,0
POA7140,814,564,279,59,4237
POA7150,380,264,88,8,1571
POA7155,115,107,34,7,468
POA7162,92,60,21,3,335
POA7163,39,51,17,0,179
POA7170,538,272,89,28,2495
POA7171,218,157,70,34,1430
POA7172,245,179,109,42,1508
POA7173,655,400,118,30,3086
POA7174,19,12,3,0,94
POA7175,26,12,4,0,109
POA7176,24,9,5,0,89
POA7177,48,18,8,3,173
POA7178,40,33,11,0,155
POA7179,72,59,19,3,239
POA7180,27,23,4,0,81
POA7182,30,21,14,0,116
POA7183,6,4,0,0,22
POA7184,68,72,44,25,378
POA7185,10,11,3,3,47
POA7186,20,16,7,0,69
POA7187,27,23,14,3,93
POA7190,323,356,150,55,1437
POA7209,26,30,22,3,167
POA7210,83,61,40,8,379
POA7211,22,17,6,0,92
POA7212,203,166,81,11,965
POA7213,28,22,5,0,111
POA7214,65,42,11,3,230
POA7215,437,330,118,37,1716
POA7216,355,353,122,43,1523
POA7248,817,565,274,95,6139
POA7249,788,608,393,238,5807
POA7250,3891,2719,1301,524,22578
POA7252,289,204,80,8,1391
POA7253,356,317,158,36,1851
POA7254,50,28,11,0,219
POA7255,118,86,31,6,448
POA7256,173,99,60,19,770
POA7257,4,9,0,0,22
POA7258,90,55,9,0,463
POA7259,56,22,5,0,219
POA7260,237,167,79,38,1156
POA7261,26,21,4,0,108
POA7262,151,128,66,17,774
POA7263,45,36,14,0,221
POA7264,60,40,15,6,251
POA7265,26,17,9,0,101
POA7267,81,37,15,0,362
POA7268,114,60,17,5,505
POA7270,426,377,157,34,1847
POA7275,368,250,101,23,1534
POA7276,65,45,16,0,292
POA7277,497,401,213,98,2809
POA7290,158,96,40,11,961
POA7291,54,32,7,0,244
POA7292,54,35,15,5,283
POA7300,293,177,67,14,1466
POA7301,330,289,159,47,1839
POA7302,104,86,23,7,670
POA7303,231,192,83,14,1219
POA7304,543,411,166,73,2564
POA7305,103,64,29,10,469
POA7306,361,276,82,30,1796
POA7307,858,692,338,88,4518
POA7310,2032,1546,800,327,11574
POA7315,1249,843,474,158,6348
POA7316,567,338,163,59,2739
POA7320,1061,722,436,149,6706
POA7321,467,290,93,12,2077
POA7322,303,209,130,30,1656
POA7325,724,485,271,80,3705
POA7330,403,217,117,27,2418
POA7331,53,31,12,3,241
POA7466,3,0,3,0,9
POA7467,136,93,41,7,695
POA7468,54,34,20,3,303
POA7469,59,29,13,0,282
POA7470,59,28,19,0,302
POA0800,492,182,33,9,4513
POA0810,2211,1265,459,101,17749
POA0812,1513,668,172,36,9013
POA0815,5,4,0,0,236
POA0820,1498,739,229,80,11712
POA0822,1195,483,110,20,8094
POA0828,113,53,6,5,546
POA0829,77,15,0,3,1433
POA0830,1001,419,149,36,8441
POA0832,580,155,62,16,7377
POA0834,182,68,17,0,961
POA0835,546,190,44,12,3469
POA0836,579,278,45,8,3899
POA0837,49,21,3,0,200
POA0838,63,29,6,0,412
POA0839,36,22,3,0,308
POA0840,42,43,4,0,161
POA0841,44,32,7,0,331
POA0845,46,38,7,3,257
POA0846,30,27,9,3,146
POA0847,23,12,4,0,129
POA0850,626,299,120,21,4203
POA0852,379,164,41,6,3057
POA0853,10,0,0,0,486
POA0854,31,17,5,0,220
POA0860,224,89,23,0,1254
POA0862,17,18,0,0,250
POA0870,1660,641,194,50,10369
POA0872,647,207,54,12,5529
POA0873,242,131,44,17,1150
POA0874,47,9,3,0,313
POA0875,169,62,22,3,1099
POA0880,314,94,11,0,2393
POA0885,42,11,0,0,469
POA0886,78,20,4,0,587
POA2600,845,804,301,161,4832
POA2601,187,95,20,18,3323
POA2602,2450,1416,803,430,18541
POA2603,1019,702,294,214,6070
POA2604,958,489,289,225,7001
POA2605,1128,823,588,289,6980
POA2606,673,520,322,87,5883
POA2607,1306,1052,596,209,7787
POA2609,98,78,27,10,490
POA2611,2137,1901,933,382,15857
POA2612,1034,718,295,158,10707
POA2614,1537,1415,826,316,11229
POA2615,3042,2352,781,210,21877
POA2617,2445,1574,528,260,18855
POA2618,145,129,56,3,798
POA2900,147,120,50,15,1194
POA2902,1381,1094,322,55,7624
POA2903,984,556,153,25,4657
POA2904,1550,760,316,220,6983
POA2905,2439,945,342,114,13511
POA2906,1192,519,230,60,8040
POA2911,176,90,33,4,2591
POA2912,317,110,33,12,3363
POA2913,2034,981,357,62,18382
POA2914,932,376,128,16,12709
POA2899,205,146,71,24,877
POA6798,151,58,8,0,1027
POA6799,42,16,9,0,216
POA9494,4396,2811,558,115,27659
POA9797,105,83,39,7,764